Store,Date,Temperature,Fuel_Price,MarkDown1,MarkDown2,MarkDown3,MarkDown4,MarkDown5,CPI,Unemployment,IsHoliday
1,2010-02-05,42.31,2.572,NA,NA,NA,NA,NA,211.10,8.11,FALSE
1,2010-02-12,38.51,2.548,NA,NA,NA,NA,NA,211.24,8.11,TRUE
1,2010-02-19,39.93,2.514,NA,NA,NA,NA,NA,211.29,8.11,FALSE
1,2010-02-26,46.63,2.561,NA,NA,NA,NA,NA,211.32,8.11,FALSE
1,2010-03-05,46.50,2.625,NA,NA,NA,NA,NA,211.35,8.11,FALSE
1,2010-03-12,57.79,2.667,NA,NA,NA,NA,NA,211.38,8.11,FALSE
1,2010-03-19,54.58,2.72,NA,NA,NA,NA,NA,211.22,8.11,FALSE
1,2010-03-26,51.45,2.732,NA,NA,NA,NA,NA,211.02,8.11,FALSE
1,2010-04-02,62.27,2.719,NA,NA,NA,NA,NA,210.82,7.81,FALSE
1,2010-04-09,65.86,2.77,NA,NA,NA,NA,NA,210.62,7.81,FALSE
1,2010-04-16,66.32,2.808,NA,NA,NA,NA,NA,210.49,7.81,FALSE
1,2010-04-23,64.84,2.795,NA,NA,NA,NA,NA,210.44,7.81,FALSE
1,2010-04-30,67.41,2.78,NA,NA,NA,NA,NA,210.39,7.81,FALSE
1,2010-05-07,72.55,2.835,NA,NA,NA,NA,NA,210.34,7.81,FALSE
1,2010-05-14,74.78,2.854,NA,NA,NA,NA,NA,210.34,7.81,FALSE
1,2010-05-21,76.44,2.826,NA,NA,NA,NA,NA,210.62,7.81,FALSE
1,2010-05-28,80.44,2.759,NA,NA,NA,NA,NA,210.90,7.81,FALSE
1,2010-06-04,80.69,2.705,NA,NA,NA,NA,NA,211.18,7.81,FALSE
1,2010-06-11,80.43,2.668,NA,NA,NA,NA,NA,211.46,7.81,FALSE
1,2010-06-18,84.11,2.637,NA,NA,NA,NA,NA,211.45,7.81,FALSE
1,2010-06-25,84.34,2.653,NA,NA,NA,NA,NA,211.34,7.81,FALSE
1,2010-07-02,80.91,2.669,NA,NA,NA,NA,NA,211.22,7.79,FALSE
1,2010-07-09,80.48,2.642,NA,NA,NA,NA,NA,211.11,7.79,FALSE
1,2010-07-16,83.15,2.623,NA,NA,NA,NA,NA,211.10,7.79,FALSE
1,2010-07-23,83.36,2.608,NA,NA,NA,NA,NA,211.24,7.79,FALSE
1,2010-07-30,81.84,2.64,NA,NA,NA,NA,NA,211.37,7.79,FALSE
1,2010-08-06,87.16,2.627,NA,NA,NA,NA,NA,211.50,7.79,FALSE
1,2010-08-13,87.00,2.692,NA,NA,NA,NA,NA,211.64,7.79,FALSE
1,2010-08-20,86.65,2.664,NA,NA,NA,NA,NA,211.60,7.79,FALSE
1,2010-08-27,85.22,2.619,NA,NA,NA,NA,NA,211.57,7.79,FALSE
1,2010-09-03,81.21,2.577,NA,NA,NA,NA,NA,211.53,7.79,FALSE
1,2010-09-10,78.69,2.565,NA,NA,NA,NA,NA,211.50,7.79,TRUE
1,2010-09-17,82.11,2.582,NA,NA,NA,NA,NA,211.52,7.79,FALSE
1,2010-09-24,80.94,2.624,NA,NA,NA,NA,NA,211.60,7.79,FALSE
1,2010-10-01,71.89,2.603,NA,NA,NA,NA,NA,211.67,7.84,FALSE
1,2010-10-08,63.93,2.633,NA,NA,NA,NA,NA,211.75,7.84,FALSE
1,2010-10-15,67.18,2.72,NA,NA,NA,NA,NA,211.81,7.84,FALSE
1,2010-10-22,69.86,2.725,NA,NA,NA,NA,NA,211.86,7.84,FALSE
1,2010-10-29,69.64,2.716,NA,NA,NA,NA,NA,211.91,7.84,FALSE
1,2010-11-05,58.74,2.689,NA,NA,NA,NA,NA,211.96,7.84,FALSE
1,2010-11-12,59.61,2.728,NA,NA,NA,NA,NA,212.00,7.84,FALSE
1,2010-11-19,51.41,2.771,NA,NA,NA,NA,NA,211.89,7.84,FALSE
1,2010-11-26,64.52,2.735,NA,NA,NA,NA,NA,211.75,7.84,TRUE
1,2010-12-03,49.27,2.708,NA,NA,NA,NA,NA,211.61,7.84,FALSE
1,2010-12-10,46.33,2.843,NA,NA,NA,NA,NA,211.47,7.84,FALSE
1,2010-12-17,49.84,2.869,NA,NA,NA,NA,NA,211.41,7.84,FALSE
1,2010-12-24,52.33,2.886,NA,NA,NA,NA,NA,211.41,7.84,FALSE
1,2010-12-31,48.43,2.943,NA,NA,NA,NA,NA,211.40,7.84,TRUE
1,2011-01-07,48.27,2.976,NA,NA,NA,NA,NA,211.40,7.74,FALSE
1,2011-01-14,35.40,2.983,NA,NA,NA,NA,NA,211.46,7.74,FALSE
1,2011-01-21,44.04,3.016,NA,NA,NA,NA,NA,211.83,7.74,FALSE
1,2011-01-28,43.83,3.01,NA,NA,NA,NA,NA,212.20,7.74,FALSE
1,2011-02-04,42.27,2.989,NA,NA,NA,NA,NA,212.57,7.74,FALSE
1,2011-02-11,36.39,3.022,NA,NA,NA,NA,NA,212.94,7.74,TRUE
1,2011-02-18,57.36,3.045,NA,NA,NA,NA,NA,213.25,7.74,FALSE
1,2011-02-25,62.90,3.065,NA,NA,NA,NA,NA,213.54,7.74,FALSE
1,2011-03-04,59.58,3.288,NA,NA,NA,NA,NA,213.82,7.74,FALSE
1,2011-03-11,53.56,3.459,NA,NA,NA,NA,NA,214.11,7.74,FALSE
1,2011-03-18,62.76,3.488,NA,NA,NA,NA,NA,214.36,7.74,FALSE
1,2011-03-25,69.97,3.473,NA,NA,NA,NA,NA,214.60,7.74,FALSE
1,2011-04-01,59.17,3.524,NA,NA,NA,NA,NA,214.84,7.68,FALSE
1,2011-04-08,67.84,3.622,NA,NA,NA,NA,NA,215.07,7.68,FALSE
1,2011-04-15,71.27,3.743,NA,NA,NA,NA,NA,215.29,7.68,FALSE
1,2011-04-22,72.99,3.807,NA,NA,NA,NA,NA,215.46,7.68,FALSE
1,2011-04-29,72.03,3.81,NA,NA,NA,NA,NA,215.63,7.68,FALSE
1,2011-05-06,64.61,3.906,NA,NA,NA,NA,NA,215.80,7.68,FALSE
1,2011-05-13,75.64,3.899,NA,NA,NA,NA,NA,215.96,7.68,FALSE
1,2011-05-20,67.63,3.907,NA,NA,NA,NA,NA,215.73,7.68,FALSE
1,2011-05-27,77.72,3.786,NA,NA,NA,NA,NA,215.50,7.68,FALSE
1,2011-06-03,83.00,3.699,NA,NA,NA,NA,NA,215.27,7.68,FALSE
1,2011-06-10,83.13,3.648,NA,NA,NA,NA,NA,215.04,7.68,FALSE
1,2011-06-17,86.41,3.637,NA,NA,NA,NA,NA,215.00,7.68,FALSE
1,2011-06-24,83.58,3.594,NA,NA,NA,NA,NA,215.09,7.68,FALSE
1,2011-07-01,85.55,3.524,NA,NA,NA,NA,NA,215.18,7.96,FALSE
1,2011-07-08,85.83,3.48,NA,NA,NA,NA,NA,215.28,7.96,FALSE
1,2011-07-15,88.54,3.575,NA,NA,NA,NA,NA,215.36,7.96,FALSE
1,2011-07-22,85.77,3.651,NA,NA,NA,NA,NA,215.42,7.96,FALSE
1,2011-07-29,86.83,3.682,NA,NA,NA,NA,NA,215.48,7.96,FALSE
1,2011-08-05,91.65,3.684,NA,NA,NA,NA,NA,215.54,7.96,FALSE
1,2011-08-12,90.76,3.638,NA,NA,NA,NA,NA,215.61,7.96,FALSE
1,2011-08-19,89.94,3.554,NA,NA,NA,NA,NA,215.67,7.96,FALSE
1,2011-08-26,87.96,3.523,NA,NA,NA,NA,NA,215.73,7.96,FALSE
1,2011-09-02,87.83,3.533,NA,NA,NA,NA,NA,215.80,7.96,FALSE
1,2011-09-09,76.00,3.546,NA,NA,NA,NA,NA,215.86,7.96,TRUE
1,2011-09-16,79.94,3.526,NA,NA,NA,NA,NA,216.04,7.96,FALSE
1,2011-09-23,75.80,3.467,NA,NA,NA,NA,NA,216.38,7.96,FALSE
1,2011-09-30,79.69,3.355,NA,NA,NA,NA,NA,216.71,7.96,FALSE
1,2011-10-07,69.31,3.285,NA,NA,NA,NA,NA,217.05,7.87,FALSE
1,2011-10-14,71.74,3.274,NA,NA,NA,NA,NA,217.36,7.87,FALSE
1,2011-10-21,63.71,3.353,NA,NA,NA,NA,NA,217.52,7.87,FALSE
1,2011-10-28,66.57,3.372,NA,NA,NA,NA,NA,217.68,7.87,FALSE
1,2011-11-04,54.98,3.332,NA,NA,NA,NA,NA,217.84,7.87,FALSE
1,2011-11-11,59.11,3.297,10382.90,6115.67,215.07,2406.62,6551.42,218.00,7.87,FALSE
1,2011-11-18,62.25,3.308,6074.12,254.39,51.98,427.39,5988.57,218.22,7.87,FALSE
1,2011-11-25,60.14,3.236,410.31,98.00,55805.51,8.00,554.92,218.47,7.87,TRUE
1,2011-12-02,48.91,3.172,5629.51,68.00,1398.11,2084.64,20475.32,218.71,7.87,FALSE
1,2011-12-09,43.93,3.158,4640.65,19.00,105.02,3639.42,14461.82,218.96,7.87,FALSE
1,2011-12-16,51.63,3.159,5011.32,67.00,347.37,225.79,4011.37,219.18,7.87,FALSE
1,2011-12-23,47.96,3.112,2725.36,40.48,634.70,24.90,2739.43,219.36,7.87,FALSE
1,2011-12-30,44.55,3.129,5762.10,46011.38,260.36,983.65,4735.78,219.54,7.87,TRUE
1,2012-01-06,49.01,3.157,6277.39,21813.16,143.10,1450.13,8483.00,219.71,7.35,FALSE
1,2012-01-13,48.53,3.261,5183.29,8025.87,42.24,453.08,3719.38,219.89,7.35,FALSE
1,2012-01-20,54.11,3.268,4139.87,2807.19,33.88,500.62,3400.21,219.99,7.35,FALSE
1,2012-01-27,54.26,3.29,1164.46,1082.74,44.00,11.00,1222.19,220.08,7.35,FALSE
1,2012-02-03,56.55,3.36,34577.06,3579.21,160.53,32403.87,5630.40,220.17,7.35,FALSE
1,2012-02-10,48.02,3.409,13925.06,6927.23,101.64,8471.88,6886.04,220.27,7.35,TRUE
1,2012-02-17,45.32,3.51,9873.33,11062.27,9.80,8409.31,3402.66,220.43,7.35,FALSE
1,2012-02-24,57.25,3.555,9349.61,7556.01,3.20,1219.92,8143.59,220.64,7.35,FALSE
1,2012-03-02,60.96,3.63,15441.40,1569.00,10.80,25390.88,8067.61,220.85,7.35,FALSE
1,2012-03-09,58.76,3.669,10331.04,151.88,6.00,671.43,5509.84,221.06,7.35,FALSE
1,2012-03-16,64.74,3.734,4298.16,7.50,2.02,2724.65,2017.69,221.21,7.35,FALSE
1,2012-03-23,65.93,3.787,6118.56,9.48,4.97,426.72,3657.22,221.29,7.35,FALSE
1,2012-03-30,67.61,3.845,10309.58,0.50,10.25,1654.17,2642.78,221.36,7.35,FALSE
1,2012-04-06,70.43,3.891,10121.97,NA,77.98,3750.59,4510.72,221.44,7.14,FALSE
1,2012-04-13,69.07,3.891,6186.19,3288.69,17.07,1822.55,1063.78,221.51,7.14,FALSE
1,2012-04-20,66.76,3.877,2230.80,612.02,19.75,275.13,5747.10,221.56,7.14,FALSE
1,2012-04-27,67.23,3.814,3221.25,NA,35.49,577.14,6222.25,221.62,7.14,FALSE
1,2012-05-04,75.55,3.749,21290.13,NA,69.89,4977.35,3261.04,221.67,7.14,FALSE
1,2012-05-11,73.77,3.688,8351.40,NA,10.52,2443.14,3127.88,221.73,7.14,FALSE
1,2012-05-18,70.33,3.63,6154.14,NA,45.11,1675.49,5508.18,221.74,7.14,FALSE
1,2012-05-25,77.22,3.561,4039.39,NA,745.19,1429.96,3631.13,221.74,7.14,FALSE
1,2012-06-01,77.95,3.501,6086.21,12.00,370.51,148.75,3690.85,221.75,7.14,FALSE
1,2012-06-08,78.30,3.452,8813.81,116.80,64.55,2652.04,7161.91,221.75,7.14,FALSE
1,2012-06-15,79.35,3.393,5621.99,109.60,0.25,2420.28,3083.26,221.76,7.14,FALSE
1,2012-06-22,78.39,3.346,8624.56,171.25,3.05,2524.07,7063.68,221.80,7.14,FALSE
1,2012-06-29,84.88,3.286,3965.73,161.60,NA,435.99,4212.97,221.84,7.14,FALSE
1,2012-07-06,81.57,3.227,12218.76,94.40,192.83,4066.01,6149.04,221.88,6.91,FALSE
1,2012-07-13,77.12,3.256,7218.13,45.20,36.24,3909.38,2596.37,221.92,6.91,FALSE
1,2012-07-20,80.42,3.311,3213.00,313.72,9.53,2262.02,3228.19,221.93,6.91,FALSE
1,2012-07-27,82.66,3.407,7146.90,389.02,1.59,10267.54,4325.19,221.94,6.91,FALSE
1,2012-08-03,86.11,3.417,27584.78,119.98,30.23,12007.04,4661.71,221.95,6.91,FALSE
1,2012-08-10,85.05,3.494,11436.22,245.00,6.85,6964.26,4836.22,221.96,6.91,FALSE
1,2012-08-17,84.85,3.571,3662.06,137.86,4.84,2752.20,3446.15,222.04,6.91,FALSE
1,2012-08-24,77.66,3.62,6237.83,260.06,2.97,3463.03,7988.25,222.17,6.91,FALSE
1,2012-08-31,80.49,3.638,21442.73,102.32,21.70,13209.64,3032.96,222.31,6.91,FALSE
1,2012-09-07,83.96,3.73,5204.68,35.74,50.94,4120.32,2737.17,222.44,6.91,TRUE
1,2012-09-14,74.97,3.717,17212.52,7.00,18.79,1523.11,7992.72,222.58,6.91,FALSE
1,2012-09-21,69.87,3.721,6352.30,7.64,4.69,1010.06,6456.71,222.78,6.91,FALSE
1,2012-09-28,76.08,3.666,3666.27,7.64,1.65,1417.96,4744.28,222.98,6.91,FALSE
1,2012-10-05,68.55,3.617,8077.89,NA,18.22,3617.43,3626.14,223.18,6.57,FALSE
1,2012-10-12,62.99,3.601,2086.18,NA,8.11,602.36,5926.45,223.38,6.57,FALSE
1,2012-10-19,67.97,3.594,950.33,NA,4.93,80.25,2312.85,223.43,6.57,FALSE
1,2012-10-26,69.16,3.506,2585.85,31.75,6.00,1057.16,1305.01,223.44,6.57,FALSE
1,2012-11-02,55.32,3.386,6766.44,5147.70,50.82,3639.90,2737.42,223.46,6.57,FALSE
1,2012-11-09,61.24,3.314,11421.32,3370.89,40.28,4646.79,6154.16,223.48,6.57,FALSE
1,2012-11-16,52.92,3.252,9696.28,292.10,103.78,1133.15,6612.69,223.51,6.57,FALSE
1,2012-11-23,56.23,3.211,883.59,4.17,74910.32,209.91,303.32,223.56,6.57,TRUE
1,2012-11-30,52.34,3.207,2460.03,NA,3838.35,150.57,6966.34,223.61,6.57,FALSE
1,2012-12-07,64.12,3.198,6343.16,NA,270.00,2928.90,10147.90,223.66,6.57,FALSE
1,2012-12-14,48.89,3.168,3504.83,NA,73.26,1636.80,2779.60,223.72,6.57,FALSE
1,2012-12-21,56.02,3.098,8231.71,NA,274.00,358.15,2834.02,223.84,6.57,FALSE
1,2012-12-28,44.79,3.108,12659.55,37101.13,174.78,74.46,1208.86,223.96,6.57,TRUE
1,2013-01-04,41.73,3.161,1214.08,25366.33,15.01,72.36,3940.02,224.08,6.53,FALSE
1,2013-01-11,50.32,3.243,6520.24,16134.60,12.17,774.55,4001.25,224.20,6.53,FALSE
1,2013-01-18,42.92,3.237,3772.69,3559.46,3.88,246.62,1900.40,224.24,6.53,FALSE
1,2013-01-25,53.37,3.227,965.89,1097.91,0.10,225.36,1831.88,224.24,6.53,FALSE
1,2013-02-01,56.46,3.244,9290.91,1359.90,265.00,20657.82,972.61,224.24,6.53,FALSE
1,2013-02-08,56.67,3.417,32355.16,729.80,280.89,20426.61,4671.78,224.24,6.53,TRUE
1,2013-02-15,49.66,3.475,72937.29,6665.52,47.21,13014.67,6310.18,224.28,6.53,FALSE
1,2013-02-22,50.25,3.597,20107.75,3163.89,42.20,15657.30,5812.86,224.42,6.53,FALSE
1,2013-03-01,48.01,3.711,10610.74,261.46,2.80,25.54,2747.59,224.56,6.53,FALSE
1,2013-03-08,50.81,3.658,5000.58,290.46,78.77,606.15,3697.11,224.71,6.53,FALSE
1,2013-03-15,55.33,3.622,3808.13,NA,15.65,2616.60,1909.17,224.84,6.53,FALSE
1,2013-03-22,63.42,3.611,12553.98,NA,495.10,6787.75,2545.66,224.92,6.53,FALSE
1,2013-03-29,51.00,3.606,13067.46,NA,384.90,122.93,3903.80,225.00,6.53,FALSE
1,2013-04-05,58.59,3.583,12872.34,5687.86,485.97,478.04,5092.33,225.09,6.31,FALSE
1,2013-04-12,62.72,3.529,3672.43,932.58,52.86,949.07,2836.64,225.17,6.31,FALSE
1,2013-04-19,67.10,3.451,3530.36,3.95,107.50,458.76,2062.05,225.17,6.31,FALSE
1,2013-04-26,59.23,3.417,2387.72,NA,98.34,516.28,1421.63,225.17,6.31,FALSE
1,2013-05-03,66.66,3.386,2298.63,2.00,129.90,55.46,1301.04,NA,NA,FALSE
1,2013-05-10,63.90,3.392,4624.61,83.88,42.38,1618.31,8144.90,NA,NA,FALSE
1,2013-05-17,69.53,3.454,16170.50,92.00,8.32,4127.24,6206.97,NA,NA,FALSE
1,2013-05-24,77.19,3.494,7959.89,178.00,1621.47,3152.57,2938.70,NA,NA,FALSE
1,2013-05-31,78.02,3.466,2369.77,142.45,475.35,45.55,2056.84,NA,NA,FALSE
1,2013-06-07,76.44,3.439,3514.75,742.59,116.15,1015.44,5137.09,NA,NA,FALSE
1,2013-06-14,79.86,3.431,12592.32,527.48,402.88,7474.56,2484.44,NA,NA,FALSE
1,2013-06-21,81.35,3.479,8104.02,417.99,327.33,5182.25,3754.44,NA,NA,FALSE
1,2013-06-28,83.94,3.495,4205.98,796.70,6.84,3816.78,4812.74,NA,NA,FALSE
1,2013-07-05,79.85,3.422,7649.99,3503.29,1766.77,9454.96,1079.89,NA,NA,FALSE
1,2013-07-12,83.12,3.4,6089.94,1362.42,209.62,2367.42,2651.05,NA,NA,FALSE
1,2013-07-19,79.26,3.556,3117.04,1060.39,199.05,1012.30,5381.72,NA,NA,FALSE
1,2013-07-26,81.54,3.62,332.17,673.19,1.00,38.63,1245.20,NA,NA,FALSE
2,2010-02-05,40.19,2.572,NA,NA,NA,NA,NA,210.75,8.32,FALSE
2,2010-02-12,38.49,2.548,NA,NA,NA,NA,NA,210.90,8.32,TRUE
2,2010-02-19,39.69,2.514,NA,NA,NA,NA,NA,210.95,8.32,FALSE
2,2010-02-26,46.10,2.561,NA,NA,NA,NA,NA,210.98,8.32,FALSE
2,2010-03-05,47.17,2.625,NA,NA,NA,NA,NA,211.01,8.32,FALSE
2,2010-03-12,57.56,2.667,NA,NA,NA,NA,NA,211.04,8.32,FALSE
2,2010-03-19,54.52,2.72,NA,NA,NA,NA,NA,210.87,8.32,FALSE
2,2010-03-26,51.26,2.732,NA,NA,NA,NA,NA,210.68,8.32,FALSE
2,2010-04-02,63.27,2.719,NA,NA,NA,NA,NA,210.48,8.20,FALSE
2,2010-04-09,65.41,2.77,NA,NA,NA,NA,NA,210.28,8.20,FALSE
2,2010-04-16,68.07,2.808,NA,NA,NA,NA,NA,210.15,8.20,FALSE
2,2010-04-23,65.11,2.795,NA,NA,NA,NA,NA,210.10,8.20,FALSE
2,2010-04-30,66.98,2.78,NA,NA,NA,NA,NA,210.05,8.20,FALSE
2,2010-05-07,71.28,2.835,NA,NA,NA,NA,NA,210.00,8.20,FALSE
2,2010-05-14,73.31,2.854,NA,NA,NA,NA,NA,210.00,8.20,FALSE
2,2010-05-21,74.83,2.826,NA,NA,NA,NA,NA,210.28,8.20,FALSE
2,2010-05-28,81.13,2.759,NA,NA,NA,NA,NA,210.56,8.20,FALSE
2,2010-06-04,81.81,2.705,NA,NA,NA,NA,NA,210.83,8.20,FALSE
2,2010-06-11,83.40,2.668,NA,NA,NA,NA,NA,211.11,8.20,FALSE
2,2010-06-18,85.81,2.637,NA,NA,NA,NA,NA,211.11,8.20,FALSE
2,2010-06-25,86.26,2.653,NA,NA,NA,NA,NA,211.00,8.20,FALSE
2,2010-07-02,82.74,2.669,NA,NA,NA,NA,NA,210.88,8.10,FALSE
2,2010-07-09,82.59,2.642,NA,NA,NA,NA,NA,210.77,8.10,FALSE
2,2010-07-16,85.32,2.623,NA,NA,NA,NA,NA,210.76,8.10,FALSE
2,2010-07-23,87.66,2.608,NA,NA,NA,NA,NA,210.89,8.10,FALSE
2,2010-07-30,83.49,2.64,NA,NA,NA,NA,NA,211.03,8.10,FALSE
2,2010-08-06,89.53,2.627,NA,NA,NA,NA,NA,211.16,8.10,FALSE
2,2010-08-13,89.05,2.692,NA,NA,NA,NA,NA,211.30,8.10,FALSE
2,2010-08-20,88.70,2.664,NA,NA,NA,NA,NA,211.26,8.10,FALSE
2,2010-08-27,87.12,2.619,NA,NA,NA,NA,NA,211.22,8.10,FALSE
2,2010-09-03,81.83,2.577,NA,NA,NA,NA,NA,211.19,8.10,FALSE
2,2010-09-10,79.09,2.565,NA,NA,NA,NA,NA,211.15,8.10,TRUE
2,2010-09-17,82.05,2.582,NA,NA,NA,NA,NA,211.18,8.10,FALSE
2,2010-09-24,81.79,2.624,NA,NA,NA,NA,NA,211.26,8.10,FALSE
2,2010-10-01,69.24,2.603,NA,NA,NA,NA,NA,211.33,8.16,FALSE
2,2010-10-08,63.19,2.633,NA,NA,NA,NA,NA,211.40,8.16,FALSE
2,2010-10-15,65.80,2.72,NA,NA,NA,NA,NA,211.47,8.16,FALSE
2,2010-10-22,68.50,2.725,NA,NA,NA,NA,NA,211.52,8.16,FALSE
2,2010-10-29,66.24,2.716,NA,NA,NA,NA,NA,211.57,8.16,FALSE
2,2010-11-05,57.85,2.689,NA,NA,NA,NA,NA,211.61,8.16,FALSE
2,2010-11-12,59.69,2.728,NA,NA,NA,NA,NA,211.66,8.16,FALSE
2,2010-11-19,50.81,2.771,NA,NA,NA,NA,NA,211.55,8.16,FALSE
2,2010-11-26,62.98,2.735,NA,NA,NA,NA,NA,211.41,8.16,TRUE
2,2010-12-03,49.33,2.708,NA,NA,NA,NA,NA,211.27,8.16,FALSE
2,2010-12-10,45.50,2.843,NA,NA,NA,NA,NA,211.12,8.16,FALSE
2,2010-12-17,47.55,2.869,NA,NA,NA,NA,NA,211.06,8.16,FALSE
2,2010-12-24,49.97,2.886,NA,NA,NA,NA,NA,211.06,8.16,FALSE
2,2010-12-31,47.30,2.943,NA,NA,NA,NA,NA,211.06,8.16,TRUE
2,2011-01-07,44.69,2.976,NA,NA,NA,NA,NA,211.06,8.03,FALSE
2,2011-01-14,33.02,2.983,NA,NA,NA,NA,NA,211.12,8.03,FALSE
2,2011-01-21,41.40,3.016,NA,NA,NA,NA,NA,211.49,8.03,FALSE
2,2011-01-28,42.83,3.01,NA,NA,NA,NA,NA,211.86,8.03,FALSE
2,2011-02-04,38.25,2.989,NA,NA,NA,NA,NA,212.22,8.03,FALSE
2,2011-02-11,33.19,3.022,NA,NA,NA,NA,NA,212.59,8.03,TRUE
2,2011-02-18,57.83,3.045,NA,NA,NA,NA,NA,212.90,8.03,FALSE
2,2011-02-25,60.80,3.065,NA,NA,NA,NA,NA,213.19,8.03,FALSE
2,2011-03-04,57.77,3.288,NA,NA,NA,NA,NA,213.48,8.03,FALSE
2,2011-03-11,52.70,3.459,NA,NA,NA,NA,NA,213.76,8.03,FALSE
2,2011-03-18,62.32,3.488,NA,NA,NA,NA,NA,214.02,8.03,FALSE
2,2011-03-25,69.42,3.473,NA,NA,NA,NA,NA,214.25,8.03,FALSE
2,2011-04-01,55.43,3.524,NA,NA,NA,NA,NA,214.49,7.93,FALSE
2,2011-04-08,67.00,3.622,NA,NA,NA,NA,NA,214.73,7.93,FALSE
2,2011-04-15,69.48,3.743,NA,NA,NA,NA,NA,214.94,7.93,FALSE
2,2011-04-22,69.39,3.807,NA,NA,NA,NA,NA,215.11,7.93,FALSE
2,2011-04-29,69.21,3.81,NA,NA,NA,NA,NA,215.28,7.93,FALSE
2,2011-05-06,61.48,3.906,NA,NA,NA,NA,NA,215.44,7.93,FALSE
2,2011-05-13,74.61,3.899,NA,NA,NA,NA,NA,215.61,7.93,FALSE
2,2011-05-20,67.14,3.907,NA,NA,NA,NA,NA,215.38,7.93,FALSE
2,2011-05-27,76.42,3.786,NA,NA,NA,NA,NA,215.15,7.93,FALSE
2,2011-06-03,83.07,3.699,NA,NA,NA,NA,NA,214.93,7.93,FALSE
2,2011-06-10,83.40,3.648,NA,NA,NA,NA,NA,214.70,7.93,FALSE
2,2011-06-17,86.53,3.637,NA,NA,NA,NA,NA,214.65,7.93,FALSE
2,2011-06-24,85.17,3.594,NA,NA,NA,NA,NA,214.74,7.93,FALSE
2,2011-07-01,85.69,3.524,NA,NA,NA,NA,NA,214.84,7.85,FALSE
2,2011-07-08,87.70,3.48,NA,NA,NA,NA,NA,214.93,7.85,FALSE
2,2011-07-15,89.83,3.575,NA,NA,NA,NA,NA,215.01,7.85,FALSE
2,2011-07-22,89.34,3.651,NA,NA,NA,NA,NA,215.07,7.85,FALSE
2,2011-07-29,90.07,3.682,NA,NA,NA,NA,NA,215.14,7.85,FALSE
2,2011-08-05,93.34,3.684,NA,NA,NA,NA,NA,215.20,7.85,FALSE
2,2011-08-12,91.58,3.638,NA,NA,NA,NA,NA,215.26,7.85,FALSE
2,2011-08-19,89.86,3.554,NA,NA,NA,NA,NA,215.32,7.85,FALSE
2,2011-08-26,90.45,3.523,NA,NA,NA,NA,NA,215.39,7.85,FALSE
2,2011-09-02,89.64,3.533,NA,NA,NA,NA,NA,215.45,7.85,FALSE
2,2011-09-09,77.97,3.546,NA,NA,NA,NA,NA,215.51,7.85,TRUE
2,2011-09-16,78.85,3.526,NA,NA,NA,NA,NA,215.69,7.85,FALSE
2,2011-09-23,75.58,3.467,NA,NA,NA,NA,NA,216.03,7.85,FALSE
2,2011-09-30,78.14,3.355,NA,NA,NA,NA,NA,216.36,7.85,FALSE
2,2011-10-07,69.92,3.285,NA,NA,NA,NA,NA,216.70,7.44,FALSE
2,2011-10-14,71.67,3.274,NA,NA,NA,NA,NA,217.00,7.44,FALSE
2,2011-10-21,64.53,3.353,NA,NA,NA,NA,NA,217.17,7.44,FALSE
2,2011-10-28,65.87,3.372,NA,NA,NA,NA,NA,217.33,7.44,FALSE
2,2011-11-04,55.53,3.332,NA,NA,NA,NA,NA,217.49,7.44,FALSE
2,2011-11-11,59.33,3.297,10797.64,20445.00,443.32,4754.07,4787.16,217.65,7.44,FALSE
2,2011-11-18,62.01,3.308,6490.92,1217.76,152.12,873.82,7656.42,217.87,7.44,FALSE
2,2011-11-25,56.36,3.236,919.71,62.00,77451.26,23.00,1589.43,218.11,7.44,TRUE
2,2011-12-02,48.74,3.172,8010.99,83.47,1897.27,4444.00,28238.93,218.36,7.44,FALSE
2,2011-12-09,41.76,3.158,11472.59,40.00,306.43,4160.55,8899.08,218.61,7.44,FALSE
2,2011-12-16,50.13,3.159,4908.83,61.03,341.49,469.80,4744.27,218.82,7.44,FALSE
2,2011-12-23,46.66,3.112,2971.04,15.18,1501.75,88.76,6437.61,219.00,7.44,FALSE
2,2011-12-30,44.57,3.129,8321.44,92523.94,139.53,1515.40,3027.69,219.18,7.44,TRUE
2,2012-01-06,46.75,3.157,5886.72,37454.29,121.16,2388.92,7103.97,219.36,7.06,FALSE
2,2012-01-13,45.99,3.261,4414.72,12092.63,98.38,708.18,4245.60,219.53,7.06,FALSE
2,2012-01-20,51.70,3.268,6552.26,4355.69,105.97,1703.10,3376.03,219.63,7.06,FALSE
2,2012-01-27,50.50,3.29,1920.15,1507.56,86.09,43.40,2613.53,219.72,7.06,FALSE
2,2012-02-03,55.21,3.36,75149.79,3818.85,221.40,48159.86,7423.61,219.81,7.06,FALSE
2,2012-02-10,46.98,3.409,13510.89,6674.42,94.07,14114.90,9577.83,219.90,7.06,TRUE
2,2012-02-17,43.82,3.51,13942.54,14273.24,15.76,4927.14,6650.08,220.07,7.06,FALSE
2,2012-02-24,54.63,3.555,13048.36,12059.10,10.20,5299.73,10380.03,220.28,7.06,FALSE
2,2012-03-02,58.79,3.63,23901.27,2144.70,9.00,9799.63,4929.53,220.49,7.06,FALSE
2,2012-03-09,57.11,3.669,11784.91,368.32,3.00,2498.17,7746.00,220.70,7.06,FALSE
2,2012-03-16,63.68,3.734,5965.99,230.42,3.00,2650.77,2073.81,220.85,7.06,FALSE
2,2012-03-23,64.01,3.787,6008.98,139.93,6.63,1650.49,5263.08,220.92,7.06,FALSE
2,2012-03-30,66.83,3.845,14369.30,164.77,17.00,1017.31,3470.49,221.00,7.06,FALSE
2,2012-04-06,68.43,3.891,12132.59,1.30,32.58,4874.69,5535.13,221.07,6.89,FALSE
2,2012-04-13,68.08,3.891,8994.04,6573.08,20.21,4162.20,1966.38,221.15,6.89,FALSE
2,2012-04-20,65.69,3.877,7311.02,2236.20,33.53,878.07,4080.32,221.20,6.89,FALSE
2,2012-04-27,67.20,3.814,3076.68,NA,38.32,108.71,2708.90,221.26,6.89,FALSE
2,2012-05-04,76.73,3.749,23731.47,NA,78.09,7931.42,4443.52,221.31,6.89,FALSE
2,2012-05-11,73.87,3.688,16519.50,NA,117.38,5131.02,3634.25,221.36,6.89,FALSE
2,2012-05-18,71.27,3.63,9262.12,NA,42.67,3694.80,4612.01,221.38,6.89,FALSE
2,2012-05-25,78.19,3.561,10701.32,NA,1030.53,3595.04,14920.27,221.38,6.89,FALSE
2,2012-06-01,78.38,3.501,13091.33,21.00,245.37,2993.15,5521.72,221.39,6.89,FALSE
2,2012-06-08,78.69,3.452,12162.04,463.60,78.39,3610.78,10877.64,221.39,6.89,FALSE
2,2012-06-15,80.56,3.393,8573.41,195.00,0.19,4455.38,5288.61,221.40,6.89,FALSE
2,2012-06-22,81.04,3.346,12126.02,314.00,60.99,6058.60,36430.33,221.44,6.89,FALSE
2,2012-06-29,86.32,3.286,8495.34,275.80,NA,1935.16,5686.13,221.48,6.89,FALSE
2,2012-07-06,84.20,3.227,12355.50,295.05,100.15,6720.40,5506.53,221.52,6.57,FALSE
2,2012-07-13,80.17,3.256,8354.65,342.25,20.53,5674.44,5012.22,221.56,6.57,FALSE
2,2012-07-20,83.23,3.311,6961.58,241.20,24.97,3401.36,2453.42,221.57,6.57,FALSE
2,2012-07-27,86.37,3.407,6999.14,197.72,2.53,6319.33,5007.01,221.58,6.57,FALSE
2,2012-08-03,90.22,3.417,27650.68,164.58,43.02,21801.90,6652.98,221.59,6.57,FALSE
2,2012-08-10,88.55,3.494,5554.54,142.30,13.43,4187.43,5286.19,221.60,6.57,FALSE
2,2012-08-17,84.79,3.571,4774.16,330.78,10.53,4253.28,4927.26,221.68,6.57,FALSE
2,2012-08-24,76.91,3.62,4759.70,211.38,6.62,2972.88,5102.26,221.81,6.57,FALSE
2,2012-08-31,82.64,3.638,17500.26,73.22,21.38,12878.62,4756.50,221.94,6.57,FALSE
2,2012-09-07,87.65,3.73,10658.86,149.28,60.97,2920.90,3275.57,222.07,6.57,TRUE
2,2012-09-14,75.88,3.717,8325.93,NA,37.32,1808.69,9314.55,222.22,6.57,FALSE
2,2012-09-21,71.09,3.721,6707.94,3.82,15.55,1001.42,7607.94,222.42,6.57,FALSE
2,2012-09-28,79.45,3.666,7106.05,1.91,1.65,1549.10,3946.03,222.62,6.57,FALSE
2,2012-10-05,70.27,3.617,6037.76,NA,10.04,3027.37,3853.40,222.82,6.17,FALSE
2,2012-10-12,60.97,3.601,2145.50,NA,33.31,586.83,10421.01,223.02,6.17,FALSE
2,2012-10-19,68.08,3.594,4461.89,NA,1.14,1579.67,2642.29,223.06,6.17,FALSE
2,2012-10-26,69.79,3.506,6152.59,129.77,200.00,272.29,2924.15,223.08,6.17,FALSE
2,2012-11-02,56.40,3.386,9585.99,6181.03,32.40,1571.20,4510.08,223.10,6.17,FALSE
2,2012-11-09,61.90,3.314,9497.69,2711.51,109.45,7185.16,6480.49,223.12,6.17,FALSE
2,2012-11-16,52.72,3.252,26925.38,285.03,101.44,2014.28,8732.45,223.15,6.17,FALSE
2,2012-11-23,58.06,3.211,2280.54,2.49,105146.30,927.97,1253.85,223.20,6.17,TRUE
2,2012-11-30,52.64,3.207,4764.84,NA,4748.06,200.48,6088.49,223.24,6.17,FALSE
2,2012-12-07,64.19,3.198,7303.66,NA,460.32,2352.61,14872.79,223.29,6.17,FALSE
2,2012-12-14,47.69,3.168,5550.46,NA,50.00,871.41,2419.54,223.35,6.17,FALSE
2,2012-12-21,55.14,3.098,5692.66,248.76,312.92,594.17,2167.73,223.47,6.17,FALSE
2,2012-12-28,41.56,3.108,13194.12,56549.69,377.76,115.89,3479.80,223.59,6.17,TRUE
2,2013-01-04,39.12,3.161,2045.13,34381.53,26.36,159.76,3863.31,223.71,6.24,FALSE
2,2013-01-11,47.42,3.243,6722.95,12098.17,13.68,1067.36,5383.20,223.83,6.24,FALSE
2,2013-01-18,40.98,3.237,3737.16,3047.90,9.26,49.14,2758.10,223.87,6.24,FALSE
2,2013-01-25,51.33,3.227,1599.61,1605.81,0.60,161.21,1963.72,223.87,6.24,FALSE
2,2013-02-01,54.75,3.244,13078.90,1642.02,545.20,12725.35,5002.74,223.87,6.24,FALSE
2,2013-02-08,56.08,3.417,63622.34,687.56,358.29,44824.98,8167.67,223.87,6.24,TRUE
2,2013-02-15,48.92,3.475,16105.39,6019.52,11.33,5982.79,7043.58,223.91,6.24,FALSE
2,2013-02-22,48.16,3.597,6907.35,4354.20,16.58,1054.97,3019.84,224.05,6.24,FALSE
2,2013-03-01,46.08,3.711,6023.68,439.60,4.40,56.86,4416.82,224.20,6.24,FALSE
2,2013-03-08,51.12,3.658,24134.43,54.43,136.70,7235.69,6441.67,224.34,6.24,FALSE
2,2013-03-15,55.14,3.622,7640.00,NA,29.43,1461.60,1824.17,224.47,6.24,FALSE
2,2013-03-22,59.97,3.611,11184.28,NA,853.30,3319.20,3870.64,224.55,6.24,FALSE
2,2013-03-29,50.54,3.606,8248.47,NA,769.51,774.08,3513.62,224.64,6.24,FALSE
2,2013-04-05,58.30,3.583,16944.64,4983.34,411.07,2378.92,3007.06,224.72,6.11,FALSE
2,2013-04-12,61.23,3.529,10165.99,395.13,66.86,1537.62,3122.19,224.80,6.11,FALSE
2,2013-04-19,67.05,3.451,6858.52,12.72,104.72,219.88,2640.86,224.80,6.11,FALSE
2,2013-04-26,58.13,3.417,2782.18,11.92,146.45,461.83,2046.53,224.80,6.11,FALSE
2,2013-05-03,65.26,3.386,12613.71,21.98,120.42,4940.30,2407.24,NA,NA,FALSE
2,2013-05-10,63.51,3.392,7793.30,706.58,76.82,2788.92,35238.98,NA,NA,FALSE
2,2013-05-17,70.55,3.454,6242.52,423.82,9.06,1470.25,4390.07,NA,NA,FALSE
2,2013-05-24,76.83,3.494,6252.19,358.76,1665.35,797.59,3837.10,NA,NA,FALSE
2,2013-05-31,78.05,3.466,2670.48,188.50,289.22,1258.68,1601.41,NA,NA,FALSE
2,2013-06-07,76.20,3.439,13644.90,900.33,221.40,8826.14,7275.75,NA,NA,FALSE
2,2013-06-14,80.91,3.431,9784.10,548.27,674.60,2966.31,5282.33,NA,NA,FALSE
2,2013-06-21,81.11,3.479,7896.26,491.02,371.73,7426.29,3043.81,NA,NA,FALSE
2,2013-06-28,85.37,3.495,8638.45,2457.32,9.00,4713.20,9079.05,NA,NA,FALSE
2,2013-07-05,79.48,3.422,11651.46,4984.50,2024.67,15196.91,2862.06,NA,NA,FALSE
2,2013-07-12,85.41,3.4,7527.10,1244.78,84.18,2626.70,3881.66,NA,NA,FALSE
2,2013-07-19,79.16,3.556,3313.12,723.52,94.85,1224.91,2471.69,NA,NA,FALSE
2,2013-07-26,83.17,3.62,1966.46,609.55,91.00,493.60,2416.20,NA,NA,FALSE
3,2010-02-05,45.71,2.572,NA,NA,NA,NA,NA,214.42,7.37,FALSE
3,2010-02-12,47.93,2.548,NA,NA,NA,NA,NA,214.57,7.37,TRUE
3,2010-02-19,47.07,2.514,NA,NA,NA,NA,NA,214.62,7.37,FALSE
3,2010-02-26,52.05,2.561,NA,NA,NA,NA,NA,214.65,7.37,FALSE
3,2010-03-05,53.04,2.625,NA,NA,NA,NA,NA,214.68,7.37,FALSE
3,2010-03-12,63.08,2.667,NA,NA,NA,NA,NA,214.70,7.37,FALSE
3,2010-03-19,60.42,2.72,NA,NA,NA,NA,NA,214.53,7.37,FALSE
3,2010-03-26,57.06,2.732,NA,NA,NA,NA,NA,214.32,7.37,FALSE
3,2010-04-02,65.56,2.719,NA,NA,NA,NA,NA,214.12,7.34,FALSE
3,2010-04-09,68.00,2.77,NA,NA,NA,NA,NA,213.91,7.34,FALSE
3,2010-04-16,66.98,2.808,NA,NA,NA,NA,NA,213.77,7.34,FALSE
3,2010-04-23,67.87,2.795,NA,NA,NA,NA,NA,213.72,7.34,FALSE
3,2010-04-30,70.24,2.78,NA,NA,NA,NA,NA,213.67,7.34,FALSE
3,2010-05-07,73.47,2.835,NA,NA,NA,NA,NA,213.62,7.34,FALSE
3,2010-05-14,77.18,2.854,NA,NA,NA,NA,NA,213.62,7.34,FALSE
3,2010-05-21,75.81,2.826,NA,NA,NA,NA,NA,213.91,7.34,FALSE
3,2010-05-28,78.60,2.759,NA,NA,NA,NA,NA,214.20,7.34,FALSE
3,2010-06-04,78.53,2.705,NA,NA,NA,NA,NA,214.50,7.34,FALSE
3,2010-06-11,82.10,2.668,NA,NA,NA,NA,NA,214.79,7.34,FALSE
3,2010-06-18,83.52,2.637,NA,NA,NA,NA,NA,214.79,7.34,FALSE
3,2010-06-25,83.79,2.653,NA,NA,NA,NA,NA,214.67,7.34,FALSE
3,2010-07-02,82.20,2.669,NA,NA,NA,NA,NA,214.55,7.35,FALSE
3,2010-07-09,81.75,2.642,NA,NA,NA,NA,NA,214.43,7.35,FALSE
3,2010-07-16,84.32,2.623,NA,NA,NA,NA,NA,214.42,7.35,FALSE
3,2010-07-23,83.32,2.608,NA,NA,NA,NA,NA,214.56,7.35,FALSE
3,2010-07-30,82.04,2.64,NA,NA,NA,NA,NA,214.70,7.35,FALSE
3,2010-08-06,85.13,2.627,NA,NA,NA,NA,NA,214.83,7.35,FALSE
3,2010-08-13,86.74,2.692,NA,NA,NA,NA,NA,214.97,7.35,FALSE
3,2010-08-20,88.02,2.664,NA,NA,NA,NA,NA,214.93,7.35,FALSE
3,2010-08-27,86.15,2.619,NA,NA,NA,NA,NA,214.89,7.35,FALSE
3,2010-09-03,84.16,2.577,NA,NA,NA,NA,NA,214.85,7.35,FALSE
3,2010-09-10,80.84,2.565,NA,NA,NA,NA,NA,214.81,7.35,TRUE
3,2010-09-17,82.36,2.582,NA,NA,NA,NA,NA,214.83,7.35,FALSE
3,2010-09-24,76.90,2.624,NA,NA,NA,NA,NA,214.91,7.35,FALSE
3,2010-10-01,73.60,2.603,NA,NA,NA,NA,NA,214.98,7.56,FALSE
3,2010-10-08,66.99,2.633,NA,NA,NA,NA,NA,215.06,7.56,FALSE
3,2010-10-15,69.71,2.72,NA,NA,NA,NA,NA,215.13,7.56,FALSE
3,2010-10-22,71.64,2.725,NA,NA,NA,NA,NA,215.18,7.56,FALSE
3,2010-10-29,72.04,2.716,NA,NA,NA,NA,NA,215.23,7.56,FALSE
3,2010-11-05,62.94,2.689,NA,NA,NA,NA,NA,215.28,7.56,FALSE
3,2010-11-12,62.79,2.728,NA,NA,NA,NA,NA,215.33,7.56,FALSE
3,2010-11-19,57.72,2.771,NA,NA,NA,NA,NA,215.21,7.56,FALSE
3,2010-11-26,68.71,2.735,NA,NA,NA,NA,NA,215.06,7.56,TRUE
3,2010-12-03,53.76,2.708,NA,NA,NA,NA,NA,214.92,7.56,FALSE
3,2010-12-10,51.13,2.843,NA,NA,NA,NA,NA,214.77,7.56,FALSE
3,2010-12-17,52.20,2.869,NA,NA,NA,NA,NA,214.70,7.56,FALSE
3,2010-12-24,57.16,2.886,NA,NA,NA,NA,NA,214.70,7.56,FALSE
3,2010-12-31,53.20,2.943,NA,NA,NA,NA,NA,214.70,7.56,TRUE
3,2011-01-07,53.35,2.976,NA,NA,NA,NA,NA,214.70,7.55,FALSE
3,2011-01-14,44.76,2.983,NA,NA,NA,NA,NA,214.75,7.55,FALSE
3,2011-01-21,50.74,3.016,NA,NA,NA,NA,NA,215.13,7.55,FALSE
3,2011-01-28,48.71,3.01,NA,NA,NA,NA,NA,215.51,7.55,FALSE
3,2011-02-04,45.95,2.989,NA,NA,NA,NA,NA,215.89,7.55,FALSE
3,2011-02-11,43.57,3.022,NA,NA,NA,NA,NA,216.27,7.55,TRUE
3,2011-02-18,61.58,3.045,NA,NA,NA,NA,NA,216.58,7.55,FALSE
3,2011-02-25,67.40,3.065,NA,NA,NA,NA,NA,216.88,7.55,FALSE
3,2011-03-04,65.11,3.288,NA,NA,NA,NA,NA,217.17,7.55,FALSE
3,2011-03-11,61.29,3.459,NA,NA,NA,NA,NA,217.47,7.55,FALSE
3,2011-03-18,69.47,3.488,NA,NA,NA,NA,NA,217.72,7.55,FALSE
3,2011-03-25,72.94,3.473,NA,NA,NA,NA,NA,217.97,7.55,FALSE
3,2011-04-01,68.76,3.524,NA,NA,NA,NA,NA,218.21,7.57,FALSE
3,2011-04-08,72.55,3.622,NA,NA,NA,NA,NA,218.46,7.57,FALSE
3,2011-04-15,75.88,3.743,NA,NA,NA,NA,NA,218.68,7.57,FALSE
3,2011-04-22,76.91,3.807,NA,NA,NA,NA,NA,218.85,7.57,FALSE
3,2011-04-29,78.69,3.81,NA,NA,NA,NA,NA,219.02,7.57,FALSE
3,2011-05-06,69.45,3.906,NA,NA,NA,NA,NA,219.20,7.57,FALSE
3,2011-05-13,79.87,3.899,NA,NA,NA,NA,NA,219.37,7.57,FALSE
3,2011-05-20,75.79,3.907,NA,NA,NA,NA,NA,219.13,7.57,FALSE
3,2011-05-27,84.41,3.786,NA,NA,NA,NA,NA,218.89,7.57,FALSE
3,2011-06-03,84.29,3.699,NA,NA,NA,NA,NA,218.64,7.57,FALSE
3,2011-06-10,84.84,3.648,NA,NA,NA,NA,NA,218.40,7.57,FALSE
3,2011-06-17,86.96,3.637,NA,NA,NA,NA,NA,218.36,7.57,FALSE
3,2011-06-24,84.94,3.594,NA,NA,NA,NA,NA,218.45,7.57,FALSE
3,2011-07-01,85.10,3.524,NA,NA,NA,NA,NA,218.55,7.57,FALSE
3,2011-07-08,85.38,3.48,NA,NA,NA,NA,NA,218.64,7.57,FALSE
3,2011-07-15,87.14,3.575,NA,NA,NA,NA,NA,218.73,7.57,FALSE
3,2011-07-22,86.19,3.651,NA,NA,NA,NA,NA,218.79,7.57,FALSE
3,2011-07-29,88.07,3.682,NA,NA,NA,NA,NA,218.84,7.57,FALSE
3,2011-08-05,88.45,3.684,NA,NA,NA,NA,NA,218.90,7.57,FALSE
3,2011-08-12,88.88,3.638,NA,NA,NA,NA,NA,218.96,7.57,FALSE
3,2011-08-19,88.44,3.554,NA,NA,NA,NA,NA,219.02,7.57,FALSE
3,2011-08-26,87.67,3.523,NA,NA,NA,NA,NA,219.09,7.57,FALSE
3,2011-09-02,89.12,3.533,NA,NA,NA,NA,NA,219.15,7.57,FALSE
3,2011-09-09,81.72,3.546,NA,NA,NA,NA,NA,219.21,7.57,TRUE
3,2011-09-16,83.63,3.526,NA,NA,NA,NA,NA,219.40,7.57,FALSE
3,2011-09-23,80.19,3.467,NA,NA,NA,NA,NA,219.74,7.57,FALSE
3,2011-09-30,82.58,3.355,NA,NA,NA,NA,NA,220.09,7.57,FALSE
3,2011-10-07,75.54,3.285,NA,NA,NA,NA,NA,220.43,7.20,FALSE
3,2011-10-14,73.75,3.274,NA,NA,NA,NA,NA,220.75,7.20,FALSE
3,2011-10-21,69.03,3.353,NA,NA,NA,NA,NA,220.91,7.20,FALSE
3,2011-10-28,71.04,3.372,NA,NA,NA,NA,NA,221.08,7.20,FALSE
3,2011-11-04,59.31,3.332,NA,NA,NA,NA,NA,221.25,7.20,FALSE
3,2011-11-11,61.70,3.297,8787.59,2006.62,200.01,570.57,1005.33,221.41,7.20,FALSE
3,2011-11-18,63.91,3.308,1383.53,23.27,19.95,865.09,2926.05,221.64,7.20,FALSE
3,2011-11-25,68.00,3.236,41.74,10.47,37612.74,NA,135.16,221.90,7.20,TRUE
3,2011-12-02,54.97,3.172,850.86,18.94,781.71,394.29,7297.10,222.16,7.20,FALSE
3,2011-12-09,49.26,3.158,4059.38,6.47,123.42,833.44,3018.08,222.42,7.20,FALSE
3,2011-12-16,57.95,3.159,1864.61,NA,170.36,187.42,1500.38,222.64,7.20,FALSE
3,2011-12-23,53.41,3.112,89.98,0.24,411.52,NA,586.66,222.83,7.20,FALSE
3,2011-12-30,48.29,3.129,1449.16,14356.07,66.66,81.43,777.35,223.01,7.20,TRUE
3,2012-01-06,52.42,3.157,3824.22,9389.98,15.00,415.36,1476.85,223.19,6.83,FALSE
3,2012-01-13,51.86,3.261,3927.76,3323.64,NA,226.97,1725.19,223.38,6.83,FALSE
3,2012-01-20,56.20,3.268,720.82,1629.26,1.46,16.05,799.50,223.47,6.83,FALSE
3,2012-01-27,58.06,3.29,774.55,349.99,NA,4.00,328.72,223.56,6.83,FALSE
3,2012-02-03,59.33,3.36,9667.50,268.29,0.60,8368.15,804.24,223.66,6.83,FALSE
3,2012-02-10,51.65,3.409,8687.47,1594.87,2.20,2144.87,2577.83,223.75,6.83,TRUE
3,2012-02-17,52.39,3.51,2706.87,3128.74,1.88,2396.68,1631.28,223.92,6.83,FALSE
3,2012-02-24,60.12,3.555,6129.28,1802.84,NA,301.48,1929.71,224.13,6.83,FALSE
3,2012-03-02,61.65,3.63,3552.58,601.32,NA,2666.22,1524.87,224.35,6.83,FALSE
3,2012-03-09,60.71,3.669,8368.50,298.46,1.39,1340.29,1416.22,224.56,6.83,FALSE
3,2012-03-16,64.00,3.734,2588.06,80.89,3.20,909.76,491.83,224.72,6.83,FALSE
3,2012-03-23,66.53,3.787,737.08,36.10,1.43,92.11,583.90,224.79,6.83,FALSE
3,2012-03-30,69.36,3.845,825.10,99.83,1.25,113.25,388.39,224.87,6.83,FALSE
3,2012-04-06,73.01,3.891,4433.71,NA,24.45,1282.30,1062.83,224.94,6.66,FALSE
3,2012-04-13,72.83,3.891,5359.22,1673.42,3.00,682.03,1371.55,225.01,6.66,FALSE
3,2012-04-20,72.05,3.877,2784.82,130.68,1.75,425.29,904.80,225.07,6.66,FALSE
3,2012-04-27,73.39,3.814,1178.70,NA,2.95,36.50,351.97,225.12,6.66,FALSE
3,2012-05-04,79.51,3.749,2430.23,NA,30.92,1159.71,1432.53,225.18,6.66,FALSE
3,2012-05-11,75.19,3.688,3794.95,NA,0.25,813.77,618.46,225.24,6.66,FALSE
3,2012-05-18,72.38,3.63,3208.73,NA,0.30,143.23,805.06,225.25,6.66,FALSE
3,2012-05-25,78.58,3.561,3032.03,NA,291.17,536.82,580.87,225.25,6.66,FALSE
3,2012-06-01,81.55,3.501,2664.55,10.00,220.03,618.49,1940.77,225.25,6.66,FALSE
3,2012-06-08,81.65,3.452,5770.48,28.60,30.18,283.70,2093.48,225.25,6.66,FALSE
3,2012-06-15,84.66,3.393,2014.47,31.80,1.00,631.17,835.34,225.26,6.66,FALSE
3,2012-06-22,82.70,3.346,1843.45,11.20,0.51,421.71,1743.54,225.31,6.66,FALSE
3,2012-06-29,86.42,3.286,2297.32,8.00,NA,395.28,1182.52,225.35,6.66,FALSE
3,2012-07-06,83.14,3.227,2625.99,30.70,28.16,703.16,1962.17,225.39,6.33,FALSE
3,2012-07-13,82.28,3.256,3196.90,20.80,2.02,302.29,451.10,225.43,6.33,FALSE
3,2012-07-20,81.38,3.311,1266.72,66.20,3.83,149.62,558.02,225.44,6.33,FALSE
3,2012-07-27,84.94,3.407,3447.28,31.00,2.46,1791.70,1107.97,225.45,6.33,FALSE
3,2012-08-03,86.55,3.417,5683.49,37.20,0.04,2484.22,639.29,225.46,6.33,FALSE
3,2012-08-10,85.85,3.494,3375.44,28.40,2.40,1880.43,555.90,225.47,6.33,FALSE
3,2012-08-17,87.36,3.571,990.08,44.20,NA,401.46,430.69,225.56,6.33,FALSE
3,2012-08-24,83.01,3.62,3062.02,26.80,NA,1004.51,1285.29,225.69,6.33,FALSE
3,2012-08-31,85.18,3.638,6599.69,27.80,24.70,1743.76,428.74,225.83,6.33,FALSE
3,2012-09-07,84.99,3.73,2266.83,19.00,8.31,419.87,926.86,225.97,6.33,TRUE
3,2012-09-14,78.36,3.717,3589.70,NA,3.72,2080.29,1760.69,226.11,6.33,FALSE
3,2012-09-21,72.78,3.721,3233.34,1.91,7.69,878.66,1602.11,226.32,6.33,FALSE
3,2012-09-28,77.46,3.666,2493.82,NA,1.50,890.65,715.52,226.52,6.33,FALSE
3,2012-10-05,72.74,3.617,1750.80,NA,3.01,480.24,646.82,226.72,6.03,FALSE
3,2012-10-12,70.31,3.601,775.31,NA,2.78,498.54,328.16,226.92,6.03,FALSE
3,2012-10-19,73.44,3.594,629.25,NA,7.50,75.11,3010.32,226.97,6.03,FALSE
3,2012-10-26,74.66,3.506,370.99,6.35,4.00,5.94,180.07,226.99,6.03,FALSE
3,2012-11-02,61.61,3.386,3218.13,420.29,0.55,1498.52,749.71,227.01,6.03,FALSE
3,2012-11-09,68.72,3.314,2540.75,985.52,0.85,273.23,422.66,227.02,6.03,FALSE
3,2012-11-16,61.10,3.252,1933.43,197.19,48.60,433.85,961.97,227.06,6.03,FALSE
3,2012-11-23,61.69,3.211,145.30,NA,54466.91,NA,60.92,227.11,6.03,TRUE
3,2012-11-30,57.50,3.207,1573.54,NA,1095.99,157.62,2066.71,227.16,6.03,FALSE
3,2012-12-07,65.09,3.198,5342.10,NA,201.00,317.78,2210.24,227.21,6.03,FALSE
3,2012-12-14,54.72,3.168,1214.46,NA,28.00,119.11,861.40,227.27,6.03,FALSE
3,2012-12-21,59.39,3.098,3318.97,NA,10.00,397.02,296.66,227.39,6.03,FALSE
3,2012-12-28,51.76,3.108,6542.05,10952.76,70.60,201.38,327.07,227.51,6.03,TRUE
3,2013-01-04,46.52,3.161,2917.32,7821.32,0.20,171.09,570.60,227.64,6.11,FALSE
3,2013-01-11,49.83,3.243,2503.67,3395.00,0.52,160.25,1366.37,227.76,6.11,FALSE
3,2013-01-18,49.09,3.237,659.55,779.95,2.10,43.05,674.45,227.79,6.11,FALSE
3,2013-01-25,57.85,3.227,524.43,838.33,0.10,19.79,907.50,227.78,6.11,FALSE
3,2013-02-01,62.81,3.244,2513.52,665.85,30.00,3221.12,679.96,227.78,6.11,FALSE
3,2013-02-08,62.77,3.417,29091.04,224.97,163.55,6151.53,782.92,227.78,6.11,TRUE
3,2013-02-15,57.36,3.475,7962.18,1467.18,NA,940.34,1509.96,227.81,6.11,FALSE
3,2013-02-22,59.96,3.597,2005.31,1497.57,NA,122.48,527.75,227.96,6.11,FALSE
3,2013-03-01,54.19,3.711,3805.93,81.37,NA,108.54,490.13,228.11,6.11,FALSE
3,2013-03-08,57.25,3.658,6458.44,34.88,4.00,892.51,1095.59,228.25,6.11,FALSE
3,2013-03-15,61.99,3.622,3634.62,NA,1.50,149.77,637.86,228.38,6.11,FALSE
3,2013-03-22,70.38,3.611,2657.14,NA,246.00,392.86,450.58,228.47,6.11,FALSE
3,2013-03-29,60.69,3.606,2177.83,NA,199.96,103.87,672.00,228.56,6.11,FALSE
3,2013-04-05,65.89,3.583,9649.15,1285.04,316.30,65.46,835.58,228.64,6.00,FALSE
3,2013-04-12,67.56,3.529,900.72,716.86,53.54,151.17,637.16,228.73,6.00,FALSE
3,2013-04-19,71.69,3.451,976.83,0.01,60.00,40.40,851.01,228.73,6.00,FALSE
3,2013-04-26,65.23,3.417,539.28,NA,60.37,135.01,572.62,228.73,6.00,FALSE
3,2013-05-03,69.73,3.386,2889.32,13.00,10.61,496.24,1019.91,NA,NA,FALSE
3,2013-05-10,68.93,3.392,1455.45,78.00,27.23,125.67,1513.48,NA,NA,FALSE
3,2013-05-17,75.33,3.454,3388.65,145.00,2.00,321.80,1038.01,NA,NA,FALSE
3,2013-05-24,81.27,3.494,3234.31,53.00,136.40,280.23,1197.92,NA,NA,FALSE
3,2013-05-31,78.99,3.466,3301.63,8.51,144.57,56.15,628.77,NA,NA,FALSE
3,2013-06-07,80.11,3.439,3996.14,70.74,160.60,1534.40,1694.48,NA,NA,FALSE
3,2013-06-14,78.61,3.431,1728.99,94.80,235.00,433.38,1984.14,NA,NA,FALSE
3,2013-06-21,82.81,3.479,875.97,117.68,165.20,262.81,1858.59,NA,NA,FALSE
3,2013-06-28,85.14,3.495,1619.96,444.19,NA,364.24,1954.88,NA,NA,FALSE
3,2013-07-05,81.59,3.422,3251.59,937.90,310.40,1452.64,1440.44,NA,NA,FALSE
3,2013-07-12,84.86,3.4,1362.23,645.99,34.50,255.54,2033.65,NA,NA,FALSE
3,2013-07-19,81.11,3.556,718.43,228.54,37.00,521.39,627.68,NA,NA,FALSE
3,2013-07-26,85.53,3.62,586.26,256.64,NA,88.91,1152.08,NA,NA,FALSE
4,2010-02-05,43.76,2.598,NA,NA,NA,NA,NA,126.44,8.62,FALSE
4,2010-02-12,28.84,2.573,NA,NA,NA,NA,NA,126.50,8.62,TRUE
4,2010-02-19,36.45,2.54,NA,NA,NA,NA,NA,126.53,8.62,FALSE
4,2010-02-26,41.36,2.59,NA,NA,NA,NA,NA,126.55,8.62,FALSE
4,2010-03-05,43.49,2.654,NA,NA,NA,NA,NA,126.58,8.62,FALSE
4,2010-03-12,49.63,2.704,NA,NA,NA,NA,NA,126.60,8.62,FALSE
4,2010-03-19,55.19,2.743,NA,NA,NA,NA,NA,126.61,8.62,FALSE
4,2010-03-26,39.91,2.752,NA,NA,NA,NA,NA,126.61,8.62,FALSE
4,2010-04-02,48.77,2.74,NA,NA,NA,NA,NA,126.60,7.90,FALSE
4,2010-04-09,54.16,2.773,NA,NA,NA,NA,NA,126.60,7.90,FALSE
4,2010-04-16,56.23,2.81,NA,NA,NA,NA,NA,126.56,7.90,FALSE
4,2010-04-23,56.87,2.805,NA,NA,NA,NA,NA,126.47,7.90,FALSE
4,2010-04-30,53.04,2.787,NA,NA,NA,NA,NA,126.38,7.90,FALSE
4,2010-05-07,56.77,2.836,NA,NA,NA,NA,NA,126.29,7.90,FALSE
4,2010-05-14,62.35,2.845,NA,NA,NA,NA,NA,126.21,7.90,FALSE
4,2010-05-21,67.40,2.82,NA,NA,NA,NA,NA,126.18,7.90,FALSE
4,2010-05-28,67.73,2.756,NA,NA,NA,NA,NA,126.16,7.90,FALSE
4,2010-06-04,70.83,2.701,NA,NA,NA,NA,NA,126.14,7.90,FALSE
4,2010-06-11,78.45,2.668,NA,NA,NA,NA,NA,126.11,7.90,FALSE
4,2010-06-18,81.53,2.635,NA,NA,NA,NA,NA,126.11,7.90,FALSE
4,2010-06-25,81.10,2.654,NA,NA,NA,NA,NA,126.13,7.90,FALSE
4,2010-07-02,73.66,2.668,NA,NA,NA,NA,NA,126.14,7.37,FALSE
4,2010-07-09,80.35,2.637,NA,NA,NA,NA,NA,126.15,7.37,FALSE
4,2010-07-16,78.53,2.621,NA,NA,NA,NA,NA,126.15,7.37,FALSE
4,2010-07-23,79.78,2.612,NA,NA,NA,NA,NA,126.13,7.37,FALSE
4,2010-07-30,80.70,2.65,NA,NA,NA,NA,NA,126.11,7.37,FALSE
4,2010-08-06,76.53,2.64,NA,NA,NA,NA,NA,126.09,7.37,FALSE
4,2010-08-13,78.08,2.698,NA,NA,NA,NA,NA,126.06,7.37,FALSE
4,2010-08-20,78.83,2.671,NA,NA,NA,NA,NA,126.08,7.37,FALSE
4,2010-08-27,74.44,2.621,NA,NA,NA,NA,NA,126.09,7.37,FALSE
4,2010-09-03,76.80,2.584,NA,NA,NA,NA,NA,126.10,7.37,FALSE
4,2010-09-10,73.54,2.574,NA,NA,NA,NA,NA,126.11,7.37,TRUE
4,2010-09-17,64.91,2.594,NA,NA,NA,NA,NA,126.15,7.37,FALSE
4,2010-09-24,60.96,2.642,NA,NA,NA,NA,NA,126.19,7.37,FALSE
4,2010-10-01,63.96,2.619,NA,NA,NA,NA,NA,126.23,7.13,FALSE
4,2010-10-08,67.73,2.645,NA,NA,NA,NA,NA,126.28,7.13,FALSE
4,2010-10-15,62.03,2.732,NA,NA,NA,NA,NA,126.33,7.13,FALSE
4,2010-10-22,64.17,2.736,NA,NA,NA,NA,NA,126.38,7.13,FALSE
4,2010-10-29,56.94,2.718,NA,NA,NA,NA,NA,126.44,7.13,FALSE
4,2010-11-05,51.60,2.699,NA,NA,NA,NA,NA,126.49,7.13,FALSE
4,2010-11-12,52.65,2.741,NA,NA,NA,NA,NA,126.55,7.13,FALSE
4,2010-11-19,48.05,2.78,NA,NA,NA,NA,NA,126.61,7.13,FALSE
4,2010-11-26,48.08,2.752,NA,NA,NA,NA,NA,126.67,7.13,TRUE
4,2010-12-03,46.40,2.727,NA,NA,NA,NA,NA,126.73,7.13,FALSE
4,2010-12-10,42.40,2.86,NA,NA,NA,NA,NA,126.79,7.13,FALSE
4,2010-12-17,46.57,2.884,NA,NA,NA,NA,NA,126.88,7.13,FALSE
4,2010-12-24,43.21,2.887,NA,NA,NA,NA,NA,126.98,7.13,FALSE
4,2010-12-31,38.09,2.955,NA,NA,NA,NA,NA,127.09,7.13,TRUE
4,2011-01-07,39.34,2.98,NA,NA,NA,NA,NA,127.19,6.51,FALSE
4,2011-01-14,31.60,2.992,NA,NA,NA,NA,NA,127.30,6.51,FALSE
4,2011-01-21,38.34,3.017,NA,NA,NA,NA,NA,127.44,6.51,FALSE
4,2011-01-28,40.60,3.022,NA,NA,NA,NA,NA,127.58,6.51,FALSE
4,2011-02-04,34.61,2.996,NA,NA,NA,NA,NA,127.72,6.51,FALSE
4,2011-02-11,33.29,3.033,NA,NA,NA,NA,NA,127.86,6.51,TRUE
4,2011-02-18,48.17,3.058,NA,NA,NA,NA,NA,128.00,6.51,FALSE
4,2011-02-25,49.00,3.087,NA,NA,NA,NA,NA,128.13,6.51,FALSE
4,2011-03-04,46.56,3.305,NA,NA,NA,NA,NA,128.26,6.51,FALSE
4,2011-03-11,50.93,3.461,NA,NA,NA,NA,NA,128.40,6.51,FALSE
4,2011-03-18,51.86,3.495,NA,NA,NA,NA,NA,128.51,6.51,FALSE
4,2011-03-25,59.10,3.48,NA,NA,NA,NA,NA,128.62,6.51,FALSE
4,2011-04-01,56.99,3.521,NA,NA,NA,NA,NA,128.72,5.95,FALSE
4,2011-04-08,62.61,3.605,NA,NA,NA,NA,NA,128.82,5.95,FALSE
4,2011-04-15,62.34,3.724,NA,NA,NA,NA,NA,128.91,5.95,FALSE
4,2011-04-22,68.80,3.781,NA,NA,NA,NA,NA,128.96,5.95,FALSE
4,2011-04-29,64.22,3.781,NA,NA,NA,NA,NA,129.00,5.95,FALSE
4,2011-05-06,63.41,3.866,NA,NA,NA,NA,NA,129.04,5.95,FALSE
4,2011-05-13,70.65,3.872,NA,NA,NA,NA,NA,129.09,5.95,FALSE
4,2011-05-20,70.49,3.881,NA,NA,NA,NA,NA,129.08,5.95,FALSE
4,2011-05-27,73.65,3.771,NA,NA,NA,NA,NA,129.06,5.95,FALSE
4,2011-06-03,78.26,3.683,NA,NA,NA,NA,NA,129.05,5.95,FALSE
4,2011-06-10,80.05,3.64,NA,NA,NA,NA,NA,129.04,5.95,FALSE
4,2011-06-17,83.51,3.618,NA,NA,NA,NA,NA,129.04,5.95,FALSE
4,2011-06-24,81.85,3.57,NA,NA,NA,NA,NA,129.07,5.95,FALSE
4,2011-07-01,84.54,3.504,NA,NA,NA,NA,NA,129.09,5.64,FALSE
4,2011-07-08,84.59,3.469,NA,NA,NA,NA,NA,129.11,5.64,FALSE
4,2011-07-15,83.27,3.563,NA,NA,NA,NA,NA,129.13,5.64,FALSE
4,2011-07-22,82.84,3.627,NA,NA,NA,NA,NA,129.15,5.64,FALSE
4,2011-07-29,84.36,3.659,NA,NA,NA,NA,NA,129.17,5.64,FALSE
4,2011-08-05,86.09,3.662,NA,NA,NA,NA,NA,129.18,5.64,FALSE
4,2011-08-12,82.98,3.617,NA,NA,NA,NA,NA,129.20,5.64,FALSE
4,2011-08-19,82.77,3.55,NA,NA,NA,NA,NA,129.24,5.64,FALSE
4,2011-08-26,81.47,3.523,NA,NA,NA,NA,NA,129.28,5.64,FALSE
4,2011-09-02,77.99,3.533,NA,NA,NA,NA,NA,129.33,5.64,FALSE
4,2011-09-09,73.34,3.554,NA,NA,NA,NA,NA,129.37,5.64,TRUE
4,2011-09-16,72.76,3.532,NA,NA,NA,NA,NA,129.43,5.64,FALSE
4,2011-09-23,69.23,3.473,NA,NA,NA,NA,NA,129.52,5.64,FALSE
4,2011-09-30,72.15,3.371,NA,NA,NA,NA,NA,129.61,5.64,FALSE
4,2011-10-07,65.79,3.299,NA,NA,NA,NA,NA,129.69,5.14,FALSE
4,2011-10-14,63.75,3.283,NA,NA,NA,NA,NA,129.77,5.14,FALSE
4,2011-10-21,64.79,3.361,NA,NA,NA,NA,NA,129.78,5.14,FALSE
4,2011-10-28,55.31,3.362,NA,NA,NA,NA,NA,129.79,5.14,FALSE
4,2011-11-04,49.86,3.322,NA,NA,NA,NA,NA,129.81,5.14,FALSE
4,2011-11-11,47.12,3.286,12851.52,16658.47,430.13,5630.01,9213.39,129.82,5.14,FALSE
4,2011-11-18,50.44,3.294,4539.94,840.56,372.90,613.96,5358.13,129.83,5.14,FALSE
4,2011-11-25,47.96,3.225,561.45,137.88,83340.33,44.04,9239.23,129.84,5.14,TRUE
4,2011-12-02,38.71,3.176,9762.39,160.94,2260.29,4767.86,28604.20,129.85,5.14,FALSE
4,2011-12-09,31.64,3.153,5857.72,30.00,984.98,4692.50,13503.99,129.86,5.14,FALSE
4,2011-12-16,36.44,3.149,2756.67,72.30,1790.15,777.65,10261.95,129.90,5.14,FALSE
4,2011-12-23,35.92,3.103,2461.94,69.05,2938.24,52.00,4396.76,129.98,5.14,FALSE
4,2011-12-30,36.89,3.119,3496.13,72413.71,399.77,776.26,5012.53,130.07,5.14,TRUE
4,2012-01-06,38.64,3.158,7857.71,38677.72,234.00,863.22,8682.95,130.16,4.61,FALSE
4,2012-01-13,34.41,3.263,3666.28,14553.37,76.37,820.37,5955.28,130.24,4.61,FALSE
4,2012-01-20,42.09,3.273,2109.41,7040.02,44.16,918.36,1116.83,130.28,4.61,FALSE
4,2012-01-27,40.31,3.29,1346.06,3740.12,46.16,445.47,2451.89,130.31,4.61,FALSE
4,2012-02-03,41.81,3.354,50820.76,4033.29,285.11,48086.64,7456.15,130.35,4.61,FALSE
4,2012-02-10,33.00,3.411,11374.63,7208.51,118.37,12869.78,10618.93,130.38,4.61,TRUE
4,2012-02-17,34.19,3.493,14225.99,11049.65,17.36,11912.49,7565.99,130.45,4.61,FALSE
4,2012-02-24,41.31,3.541,9777.71,4703.88,5.40,1179.72,9352.14,130.55,4.61,FALSE
4,2012-03-02,50.38,3.619,18564.88,1394.86,32.93,10714.60,3592.82,130.65,4.61,FALSE
4,2012-03-09,53.63,3.667,8779.57,602.02,8.53,1103.64,9464.98,130.74,4.61,FALSE
4,2012-03-16,59.81,3.707,5669.21,37.12,NA,8540.87,2544.94,130.83,4.61,FALSE
4,2012-03-23,59.07,3.759,8806.80,-10.50,5.99,739.14,4396.97,130.90,4.61,FALSE
4,2012-03-30,72.63,3.82,2565.80,442.52,6.50,487.66,4076.68,130.97,4.61,FALSE
4,2012-04-06,67.69,3.864,11341.17,NA,73.38,5677.89,7821.95,131.04,4.31,FALSE
4,2012-04-13,68.69,3.881,12506.74,5941.43,30.84,3915.29,4392.95,131.11,4.31,FALSE
4,2012-04-20,68.60,3.864,2774.39,4279.41,43.43,2409.97,4544.22,131.12,4.31,FALSE
4,2012-04-27,76.47,3.81,3993.66,97.77,26.68,113.37,3947.45,131.13,4.31,FALSE
4,2012-05-04,80.14,3.747,13737.91,NA,93.65,6993.97,4541.89,131.14,4.31,FALSE
4,2012-05-11,67.64,3.685,20499.88,86.00,103.05,5005.96,3815.16,131.15,4.31,FALSE
4,2012-05-18,68.43,3.62,6531.12,NA,99.91,2290.18,2521.84,131.10,4.31,FALSE
4,2012-05-25,77.47,3.551,4330.02,436.00,862.31,3268.41,3749.53,131.03,4.31,FALSE
4,2012-06-01,77.41,3.483,10165.22,8.60,47.93,2676.33,4896.34,130.96,4.31,FALSE
4,2012-06-08,78.11,3.433,7429.46,249.80,7.86,4235.27,9690.55,130.89,4.31,FALSE
4,2012-06-15,80.94,3.372,16063.84,84.00,0.22,2105.39,6113.16,130.83,4.31,FALSE
4,2012-06-22,81.63,3.329,6619.20,351.22,3.48,5390.02,10920.89,130.79,4.31,FALSE
4,2012-06-29,84.23,3.257,3756.11,211.60,NA,2114.26,6371.15,130.76,4.31,FALSE
4,2012-07-06,80.37,3.187,9789.03,90.00,157.62,10671.47,3864.91,130.72,4.08,FALSE
4,2012-07-13,76.86,3.224,11075.38,151.00,17.27,3810.25,4766.88,130.68,4.08,FALSE
4,2012-07-20,79.14,3.263,4799.23,47.55,30.56,634.78,4648.91,130.70,4.08,FALSE
4,2012-07-27,81.06,3.356,7011.68,68.70,4.26,13565.83,3841.61,130.72,4.08,FALSE
4,2012-08-03,83.86,3.374,29127.20,42.27,58.34,22663.73,10925.99,130.74,4.08,FALSE
4,2012-08-10,83.21,3.476,16996.42,36.60,60.94,4777.20,3937.09,130.76,4.08,FALSE
4,2012-08-17,81.41,3.552,2531.63,15.04,5.54,1269.13,3528.90,130.79,4.08,FALSE
4,2012-08-24,75.76,3.61,9983.59,NA,23.40,8115.89,7158.66,130.84,4.08,FALSE
4,2012-08-31,76.47,3.646,19617.58,1.02,68.29,7187.73,6428.12,130.89,4.08,FALSE
4,2012-09-07,82.09,3.709,9082.61,16.00,59.06,7217.88,8026.47,130.93,4.08,TRUE
4,2012-09-14,68.20,3.706,13802.34,NA,23.12,3643.77,12517.18,130.98,4.08,FALSE
4,2012-09-21,68.97,3.721,11214.89,5.73,16.84,6376.86,4417.13,131.01,4.08,FALSE
4,2012-09-28,71.74,3.666,5333.92,5.73,2.94,1931.02,9753.37,131.04,4.08,FALSE
4,2012-10-05,63.07,3.62,5918.34,NA,126.57,3674.49,6807.07,131.08,3.88,FALSE
4,2012-10-12,57.11,3.603,4975.39,NA,61.17,1513.17,5905.53,131.11,3.88,FALSE
4,2012-10-19,64.46,3.61,6313.84,NA,15.05,2421.08,5885.12,131.15,3.88,FALSE
4,2012-10-26,63.64,3.514,1763.13,88.76,66.76,NA,7577.14,131.19,3.88,FALSE
4,2012-11-02,53.31,3.404,3717.80,7665.66,23.00,190.24,1586.46,131.24,3.88,FALSE
4,2012-11-09,59.47,3.337,28299.04,6412.64,73.18,9912.23,7259.32,131.28,3.88,FALSE
4,2012-11-16,49.86,3.271,14400.63,409.67,205.09,1497.33,7862.40,131.33,3.88,FALSE
4,2012-11-23,55.09,3.233,3365.61,6.93,93310.30,497.28,3938.54,131.38,3.88,TRUE
4,2012-11-30,50.91,3.24,4642.37,NA,5146.88,243.50,9819.68,131.43,3.88,FALSE
4,2012-12-07,53.67,3.227,10755.57,NA,822.00,2966.00,22677.91,131.48,3.88,FALSE
4,2012-12-14,42.57,3.193,3409.42,NA,180.00,764.25,4930.05,131.54,3.88,FALSE
4,2012-12-21,44.80,3.112,3564.60,137.92,118.28,21.32,1239.78,131.64,3.88,FALSE
4,2012-12-28,37.93,3.125,7712.77,50636.71,347.00,6.24,862.39,131.75,3.88,TRUE
4,2013-01-04,33.11,3.177,9471.27,42065.30,56.17,NA,4980.46,131.85,3.92,FALSE
4,2013-01-11,38.92,3.235,4749.65,23457.11,4.22,522.96,3743.86,131.96,3.92,FALSE
4,2013-01-18,34.06,3.232,5219.94,3758.90,12.10,23.97,2112.04,132.03,3.92,FALSE
4,2013-01-25,47.49,3.22,15302.22,1652.63,0.30,1257.32,1547.68,132.09,3.92,FALSE
4,2013-02-01,49.07,3.232,27134.98,861.18,870.20,29210.08,1663.48,132.15,3.92,FALSE
4,2013-02-08,49.86,3.401,56705.09,564.98,521.82,45331.30,7730.26,132.22,3.92,TRUE
4,2013-02-15,44.70,3.451,41326.97,10303.91,630.80,17516.52,3782.94,132.27,3.92,FALSE
4,2013-02-22,44.68,3.602,15128.45,10149.27,31.40,6451.60,4875.84,132.32,3.92,FALSE
4,2013-03-01,42.56,3.694,27132.59,762.39,3.20,1621.99,3526.18,132.37,3.92,FALSE
4,2013-03-08,53.21,3.647,23306.04,779.60,164.42,12389.60,9316.71,132.42,3.92,FALSE
4,2013-03-15,53.39,3.611,9361.09,NA,28.59,3602.71,2161.72,132.47,3.92,FALSE
4,2013-03-22,58.55,3.593,17721.81,NA,513.50,4370.01,3365.76,132.53,3.92,FALSE
4,2013-03-29,50.36,3.575,3949.07,NA,489.46,182.00,7265.39,132.59,3.92,FALSE
4,2013-04-05,57.70,3.552,8031.33,12906.43,641.98,4801.53,2723.41,132.65,3.90,FALSE
4,2013-04-12,60.06,3.504,7876.11,1269.44,201.06,2776.58,7702.91,132.72,3.90,FALSE
4,2013-04-19,63.28,3.436,3578.12,96.18,183.60,358.15,2039.26,132.72,3.90,FALSE
4,2013-04-26,58.15,3.397,3087.47,NA,199.38,82.48,3223.06,132.72,3.90,FALSE
4,2013-05-03,64.18,3.369,13789.79,14.00,218.21,7299.53,8146.91,NA,NA,FALSE
4,2013-05-10,64.01,3.371,10686.88,388.94,118.40,4406.85,6098.37,NA,NA,FALSE
4,2013-05-17,70.50,3.437,12026.21,272.94,23.04,2030.97,8818.06,NA,NA,FALSE
4,2013-05-24,76.73,3.462,3560.92,144.06,723.61,3657.09,9179.04,NA,NA,FALSE
4,2013-05-31,79.17,3.438,2536.65,443.94,483.90,28.76,4652.59,NA,NA,FALSE
4,2013-06-07,78.11,3.413,14278.29,529.53,566.96,11824.87,6092.91,NA,NA,FALSE
4,2013-06-14,79.24,3.415,14141.85,760.84,1125.14,4775.63,8842.00,NA,NA,FALSE
4,2013-06-21,79.10,3.453,3423.81,176.93,457.43,7953.47,5443.06,NA,NA,FALSE
4,2013-06-28,86.29,3.452,6723.27,358.37,3.00,3450.80,7483.44,NA,NA,FALSE
4,2013-07-05,76.96,3.385,17126.22,933.43,1334.16,14191.01,5201.38,NA,NA,FALSE
4,2013-07-12,82.30,3.368,6501.43,1464.81,124.97,3809.96,3868.60,NA,NA,FALSE
4,2013-07-19,73.29,3.518,4191.78,440.36,173.66,534.56,2252.18,NA,NA,FALSE
4,2013-07-26,78.96,3.58,1577.60,687.89,9.60,314.64,1433.77,NA,NA,FALSE
5,2010-02-05,39.70,2.572,NA,NA,NA,NA,NA,211.65,6.57,FALSE
5,2010-02-12,39.81,2.548,NA,NA,NA,NA,NA,211.80,6.57,TRUE
5,2010-02-19,41.14,2.514,NA,NA,NA,NA,NA,211.85,6.57,FALSE
5,2010-02-26,46.70,2.561,NA,NA,NA,NA,NA,211.88,6.57,FALSE
5,2010-03-05,48.89,2.625,NA,NA,NA,NA,NA,211.91,6.57,FALSE
5,2010-03-12,58.50,2.667,NA,NA,NA,NA,NA,211.94,6.57,FALSE
5,2010-03-19,55.46,2.72,NA,NA,NA,NA,NA,211.77,6.57,FALSE
5,2010-03-26,52.47,2.732,NA,NA,NA,NA,NA,211.57,6.57,FALSE
5,2010-04-02,63.18,2.719,NA,NA,NA,NA,NA,211.37,6.47,FALSE
5,2010-04-09,65.19,2.77,NA,NA,NA,NA,NA,211.17,6.47,FALSE
5,2010-04-16,65.30,2.808,NA,NA,NA,NA,NA,211.04,6.47,FALSE
5,2010-04-23,65.13,2.795,NA,NA,NA,NA,NA,210.99,6.47,FALSE
5,2010-04-30,67.53,2.78,NA,NA,NA,NA,NA,210.94,6.47,FALSE
5,2010-05-07,71.53,2.835,NA,NA,NA,NA,NA,210.89,6.47,FALSE
5,2010-05-14,74.79,2.854,NA,NA,NA,NA,NA,210.89,6.47,FALSE
5,2010-05-21,75.20,2.826,NA,NA,NA,NA,NA,211.17,6.47,FALSE
5,2010-05-28,79.81,2.759,NA,NA,NA,NA,NA,211.45,6.47,FALSE
5,2010-06-04,79.54,2.705,NA,NA,NA,NA,NA,211.73,6.47,FALSE
5,2010-06-11,80.70,2.668,NA,NA,NA,NA,NA,212.01,6.47,FALSE
5,2010-06-18,83.91,2.637,NA,NA,NA,NA,NA,212.01,6.47,FALSE
5,2010-06-25,83.72,2.653,NA,NA,NA,NA,NA,211.90,6.47,FALSE
5,2010-07-02,81.25,2.669,NA,NA,NA,NA,NA,211.78,6.50,FALSE
5,2010-07-09,81.14,2.642,NA,NA,NA,NA,NA,211.66,6.50,FALSE
5,2010-07-16,83.98,2.623,NA,NA,NA,NA,NA,211.66,6.50,FALSE
5,2010-07-23,83.66,2.608,NA,NA,NA,NA,NA,211.79,6.50,FALSE
5,2010-07-30,82.46,2.64,NA,NA,NA,NA,NA,211.93,6.50,FALSE
5,2010-08-06,86.10,2.627,NA,NA,NA,NA,NA,212.06,6.50,FALSE
5,2010-08-13,87.41,2.692,NA,NA,NA,NA,NA,212.20,6.50,FALSE
5,2010-08-20,87.71,2.664,NA,NA,NA,NA,NA,212.16,6.50,FALSE
5,2010-08-27,87.05,2.619,NA,NA,NA,NA,NA,212.12,6.50,FALSE
5,2010-09-03,84.06,2.577,NA,NA,NA,NA,NA,212.09,6.50,FALSE
5,2010-09-10,79.86,2.565,NA,NA,NA,NA,NA,212.05,6.50,TRUE
5,2010-09-17,82.28,2.582,NA,NA,NA,NA,NA,212.08,6.50,FALSE
5,2010-09-24,78.53,2.624,NA,NA,NA,NA,NA,212.15,6.50,FALSE
5,2010-10-01,71.10,2.603,NA,NA,NA,NA,NA,212.23,6.77,FALSE
5,2010-10-08,64.99,2.633,NA,NA,NA,NA,NA,212.30,6.77,FALSE
5,2010-10-15,68.11,2.72,NA,NA,NA,NA,NA,212.37,6.77,FALSE
5,2010-10-22,70.96,2.725,NA,NA,NA,NA,NA,212.42,6.77,FALSE
5,2010-10-29,70.58,2.716,NA,NA,NA,NA,NA,212.46,6.77,FALSE
5,2010-11-05,58.88,2.689,NA,NA,NA,NA,NA,212.51,6.77,FALSE
5,2010-11-12,62.37,2.728,NA,NA,NA,NA,NA,212.56,6.77,FALSE
5,2010-11-19,52.52,2.771,NA,NA,NA,NA,NA,212.45,6.77,FALSE
5,2010-11-26,66.15,2.735,NA,NA,NA,NA,NA,212.30,6.77,TRUE
5,2010-12-03,51.31,2.708,NA,NA,NA,NA,NA,212.16,6.77,FALSE
5,2010-12-10,48.27,2.843,NA,NA,NA,NA,NA,212.02,6.77,FALSE
5,2010-12-17,51.61,2.869,NA,NA,NA,NA,NA,211.96,6.77,FALSE
5,2010-12-24,55.01,2.886,NA,NA,NA,NA,NA,211.96,6.77,FALSE
5,2010-12-31,49.79,2.943,NA,NA,NA,NA,NA,211.96,6.77,TRUE
5,2011-01-07,48.30,2.976,NA,NA,NA,NA,NA,211.96,6.63,FALSE
5,2011-01-14,37.74,2.983,NA,NA,NA,NA,NA,212.01,6.63,FALSE
5,2011-01-21,45.41,3.016,NA,NA,NA,NA,NA,212.38,6.63,FALSE
5,2011-01-28,44.50,3.01,NA,NA,NA,NA,NA,212.75,6.63,FALSE
5,2011-02-04,41.67,2.989,NA,NA,NA,NA,NA,213.12,6.63,FALSE
5,2011-02-11,38.25,3.022,NA,NA,NA,NA,NA,213.49,6.63,TRUE
5,2011-02-18,58.83,3.045,NA,NA,NA,NA,NA,213.81,6.63,FALSE
5,2011-02-25,63.35,3.065,NA,NA,NA,NA,NA,214.10,6.63,FALSE
5,2011-03-04,60.35,3.288,NA,NA,NA,NA,NA,214.38,6.63,FALSE
5,2011-03-11,55.74,3.459,NA,NA,NA,NA,NA,214.67,6.63,FALSE
5,2011-03-18,64.31,3.488,NA,NA,NA,NA,NA,214.93,6.63,FALSE
5,2011-03-25,70.71,3.473,NA,NA,NA,NA,NA,215.16,6.63,FALSE
5,2011-04-01,61.50,3.524,NA,NA,NA,NA,NA,215.40,6.49,FALSE
5,2011-04-08,69.64,3.622,NA,NA,NA,NA,NA,215.64,6.49,FALSE
5,2011-04-15,72.02,3.743,NA,NA,NA,NA,NA,215.86,6.49,FALSE
5,2011-04-22,74.34,3.807,NA,NA,NA,NA,NA,216.03,6.49,FALSE
5,2011-04-29,74.75,3.81,NA,NA,NA,NA,NA,216.20,6.49,FALSE
5,2011-05-06,66.27,3.906,NA,NA,NA,NA,NA,216.37,6.49,FALSE
5,2011-05-13,77.38,3.899,NA,NA,NA,NA,NA,216.53,6.49,FALSE
5,2011-05-20,71.37,3.907,NA,NA,NA,NA,NA,216.30,6.49,FALSE
5,2011-05-27,80.14,3.786,NA,NA,NA,NA,NA,216.07,6.49,FALSE
5,2011-06-03,83.81,3.699,NA,NA,NA,NA,NA,215.84,6.49,FALSE
5,2011-06-10,83.61,3.648,NA,NA,NA,NA,NA,215.61,6.49,FALSE
5,2011-06-17,86.84,3.637,NA,NA,NA,NA,NA,215.56,6.49,FALSE
5,2011-06-24,84.76,3.594,NA,NA,NA,NA,NA,215.65,6.49,FALSE
5,2011-07-01,85.81,3.524,NA,NA,NA,NA,NA,215.75,6.53,FALSE
5,2011-07-08,86.64,3.48,NA,NA,NA,NA,NA,215.84,6.53,FALSE
5,2011-07-15,88.64,3.575,NA,NA,NA,NA,NA,215.93,6.53,FALSE
5,2011-07-22,86.97,3.651,NA,NA,NA,NA,NA,215.99,6.53,FALSE
5,2011-07-29,89.42,3.682,NA,NA,NA,NA,NA,216.05,6.53,FALSE
5,2011-08-05,91.07,3.684,NA,NA,NA,NA,NA,216.11,6.53,FALSE
5,2011-08-12,90.16,3.638,NA,NA,NA,NA,NA,216.17,6.53,FALSE
5,2011-08-19,89.35,3.554,NA,NA,NA,NA,NA,216.23,6.53,FALSE
5,2011-08-26,89.18,3.523,NA,NA,NA,NA,NA,216.30,6.53,FALSE
5,2011-09-02,90.38,3.533,NA,NA,NA,NA,NA,216.36,6.53,FALSE
5,2011-09-09,79.04,3.546,NA,NA,NA,NA,NA,216.42,6.53,TRUE
5,2011-09-16,83.55,3.526,NA,NA,NA,NA,NA,216.60,6.53,FALSE
5,2011-09-23,78.01,3.467,NA,NA,NA,NA,NA,216.94,6.53,FALSE
5,2011-09-30,81.16,3.355,NA,NA,NA,NA,NA,217.28,6.53,FALSE
5,2011-10-07,71.64,3.285,NA,NA,NA,NA,NA,217.61,6.30,FALSE
5,2011-10-14,72.36,3.274,NA,NA,NA,NA,NA,217.92,6.30,FALSE
5,2011-10-21,66.90,3.353,NA,NA,NA,NA,NA,218.09,6.30,FALSE
5,2011-10-28,69.27,3.372,NA,NA,NA,NA,NA,218.25,6.30,FALSE
5,2011-11-04,56.71,3.332,NA,NA,NA,NA,NA,218.41,6.30,FALSE
5,2011-11-11,60.71,3.297,2971.48,1943.20,60.03,757.33,1040.96,218.57,6.30,FALSE
5,2011-11-18,64.33,3.308,952.21,116.11,95.01,295.13,4368.45,218.79,6.30,FALSE
5,2011-11-25,61.93,3.236,107.42,7.00,29333.06,8.00,826.06,219.04,6.30,TRUE
5,2011-12-02,51.14,3.172,2359.44,4.00,658.01,901.67,24751.93,219.29,6.30,FALSE
5,2011-12-09,44.12,3.158,2546.50,NA,83.07,523.27,3118.64,219.54,6.30,FALSE
5,2011-12-16,54.42,3.159,802.42,NA,78.77,319.84,1940.54,219.76,6.30,FALSE
5,2011-12-23,50.33,3.112,225.21,0.15,427.57,NA,1443.04,219.94,6.30,FALSE
5,2011-12-30,45.62,3.129,1938.28,17079.76,72.93,162.33,1211.95,220.12,6.30,TRUE
5,2012-01-06,50.21,3.157,4602.39,6733.60,35.03,621.64,3507.24,220.30,5.94,FALSE
5,2012-01-13,48.86,3.261,3408.93,3666.32,1.71,137.88,1706.42,220.48,5.94,FALSE
5,2012-01-20,54.65,3.268,761.25,2100.24,NA,132.63,1276.75,220.57,5.94,FALSE
5,2012-01-27,54.63,3.29,573.64,969.68,NA,12.00,861.28,220.66,5.94,FALSE
5,2012-02-03,57.35,3.36,23811.41,1349.62,23.82,14928.42,3186.52,220.76,5.94,FALSE
5,2012-02-10,48.57,3.409,4239.28,2725.80,1.53,3682.89,3234.79,220.85,5.94,TRUE
5,2012-02-17,48.25,3.51,5548.48,1958.52,1.76,2662.84,2820.38,221.01,5.94,FALSE
5,2012-02-24,57.75,3.555,2220.32,1407.40,NA,145.46,2657.52,221.22,5.94,FALSE
5,2012-03-02,60.66,3.63,6172.70,123.32,1.00,3063.26,1213.59,221.43,5.94,FALSE
5,2012-03-09,57.69,3.669,1842.42,51.27,2.00,109.67,5043.45,221.65,5.94,FALSE
5,2012-03-16,63.55,3.734,1879.87,30.70,2.24,585.12,1765.08,221.80,5.94,FALSE
5,2012-03-23,64.44,3.787,694.24,32.75,5.59,210.09,775.70,221.87,5.94,FALSE
5,2012-03-30,67.76,3.845,5097.87,25.20,2.70,322.57,1790.31,221.95,5.94,FALSE
5,2012-04-06,70.40,3.891,5174.35,NA,6.48,1489.10,2264.89,222.02,5.80,FALSE
5,2012-04-13,70.56,3.891,1562.33,758.49,NA,206.00,1642.42,222.10,5.80,FALSE
5,2012-04-20,67.33,3.877,1197.53,225.78,3.00,247.94,1499.51,222.15,5.80,FALSE
5,2012-04-27,68.96,3.814,1127.44,NA,5.05,33.35,2598.67,222.21,5.80,FALSE
5,2012-05-04,77.10,3.749,6396.61,NA,83.63,1183.64,2813.83,222.26,5.80,FALSE
5,2012-05-11,73.45,3.688,4668.20,NA,42.75,709.19,1740.42,222.31,5.80,FALSE
5,2012-05-18,70.45,3.63,2639.05,NA,65.34,243.73,2119.63,222.33,5.80,FALSE
5,2012-05-25,78.23,3.561,3784.86,NA,431.99,225.20,2239.68,222.33,5.80,FALSE
5,2012-06-01,79.72,3.501,2840.78,NA,41.58,393.41,2114.00,222.33,5.80,FALSE
5,2012-06-08,81.02,3.452,4488.47,NA,0.24,231.16,1246.89,222.34,5.80,FALSE
5,2012-06-15,81.64,3.393,1911.02,0.95,0.04,570.11,1828.62,222.35,5.80,FALSE
5,2012-06-22,80.57,3.346,2046.93,8.80,NA,677.36,2762.83,222.39,5.80,FALSE
5,2012-06-29,87.08,3.286,1053.25,12.75,NA,113.80,1300.11,222.43,5.80,FALSE
5,2012-07-06,82.35,3.227,2592.37,2.65,52.06,914.36,2768.98,222.47,5.60,FALSE
5,2012-07-13,80.78,3.256,1471.06,1.00,12.00,889.18,798.44,222.51,5.60,FALSE
5,2012-07-20,81.05,3.311,964.82,13.48,3.39,278.93,1050.13,222.52,5.60,FALSE
5,2012-07-27,85.06,3.407,2696.67,7.75,0.36,3104.68,2152.23,222.53,5.60,FALSE
5,2012-08-03,86.91,3.417,7365.26,14.48,0.70,3640.70,2517.31,222.54,5.60,FALSE
5,2012-08-10,86.96,3.494,3261.56,15.00,0.50,1687.13,2102.31,222.55,5.60,FALSE
5,2012-08-17,87.52,3.571,1649.56,-10.98,2.31,1955.75,1205.23,222.63,5.60,FALSE
5,2012-08-24,79.45,3.62,1985.37,68.00,4.54,627.60,1355.17,222.76,5.60,FALSE
5,2012-08-31,84.25,3.638,5211.69,49.00,13.00,2799.14,2740.48,222.90,5.60,FALSE
5,2012-09-07,86.30,3.73,2797.26,1.90,9.61,968.75,2069.30,223.03,5.60,TRUE
5,2012-09-14,76.65,3.717,2027.18,4.00,4.55,1354.97,3535.01,223.17,5.60,FALSE
5,2012-09-21,71.09,3.721,3033.26,5.73,1.10,83.82,4579.05,223.37,5.60,FALSE
5,2012-09-28,78.33,3.666,1279.39,NA,0.55,425.98,1492.60,223.57,5.60,FALSE
5,2012-10-05,71.17,3.617,2048.94,NA,6.02,1121.58,2070.87,223.77,5.42,FALSE
5,2012-10-12,66.24,3.601,1355.87,NA,4.00,453.98,3562.36,223.97,5.42,FALSE
5,2012-10-19,69.17,3.594,908.91,NA,NA,NA,709.95,224.02,5.42,FALSE
5,2012-10-26,71.70,3.506,1547.61,1.74,NA,133.31,598.74,224.04,5.42,FALSE
5,2012-11-02,57.83,3.386,3526.61,1163.63,2.31,514.05,1555.50,224.06,5.42,FALSE
5,2012-11-09,64.61,3.314,2548.02,2037.54,1.95,303.93,1595.16,224.07,5.42,FALSE
5,2012-11-16,56.89,3.252,1631.01,-35.74,15.46,326.59,2310.83,224.11,5.42,FALSE
5,2012-11-23,59.07,3.211,310.95,NA,43319.43,46.61,372.22,224.16,5.42,TRUE
5,2012-11-30,56.20,3.207,2077.60,NA,2752.82,8.82,3349.59,224.21,5.42,FALSE
5,2012-12-07,66.13,3.198,2472.70,NA,68.00,105.14,2359.84,224.25,5.42,FALSE
5,2012-12-14,52.44,3.168,4007.50,NA,0.49,4.97,1108.47,224.31,5.42,FALSE
5,2012-12-21,58.63,3.098,1344.90,NA,15.00,NA,911.84,224.44,5.42,FALSE
5,2012-12-28,47.47,3.108,6052.63,13017.25,60.81,72.80,3503.26,224.56,5.42,TRUE
5,2013-01-04,41.77,3.161,878.13,10409.38,NA,NA,1390.98,224.68,5.49,FALSE
5,2013-01-11,49.50,3.243,2372.65,4414.85,1.04,37.36,1191.29,224.80,5.49,FALSE
5,2013-01-18,45.08,3.237,2752.63,1329.85,1.14,600.58,1769.01,224.83,5.49,FALSE
5,2013-01-25,57.05,3.227,1156.20,355.57,NA,54.20,808.87,224.83,5.49,FALSE
5,2013-02-01,58.99,3.244,4697.68,637.17,30.00,5803.02,970.80,224.83,5.49,FALSE
5,2013-02-08,59.05,3.417,21533.52,271.06,80.55,10897.89,4109.09,224.83,5.49,TRUE
5,2013-02-15,53.09,3.475,3763.73,742.56,NA,1112.05,4380.83,224.87,5.49,FALSE
5,2013-02-22,54.10,3.597,3229.38,166.06,NA,7.38,1731.25,225.01,5.49,FALSE
5,2013-03-01,49.47,3.711,3090.32,25.23,NA,18.75,4117.85,225.16,5.49,FALSE
5,2013-03-08,53.16,3.658,6476.98,41.80,2.00,1334.42,3081.47,225.30,5.49,FALSE
5,2013-03-15,58.01,3.622,2889.92,NA,1.00,412.01,1122.00,225.43,5.49,FALSE
5,2013-03-22,65.96,3.611,2722.96,NA,239.00,282.76,1476.38,225.51,5.49,FALSE
5,2013-03-29,53.25,3.606,3189.78,NA,167.64,23.38,1637.87,225.60,5.49,FALSE
5,2013-04-05,61.88,3.583,9023.29,927.32,170.24,405.30,-185.17,225.68,5.28,FALSE
5,2013-04-12,62.36,3.529,1352.02,376.67,7.60,184.54,1703.57,225.77,5.28,FALSE
5,2013-04-19,67.43,3.451,884.75,NA,34.20,21.11,895.18,225.77,5.28,FALSE
5,2013-04-26,60.44,3.417,222.75,NA,28.00,12.41,524.75,225.77,5.28,FALSE
5,2013-05-03,67.55,3.386,2933.78,5.00,25.50,773.23,1252.00,NA,NA,FALSE
5,2013-05-10,65.52,3.392,1023.40,192.00,11.50,107.83,2743.05,NA,NA,FALSE
5,2013-05-17,71.38,3.454,3993.06,111.00,NA,290.94,2145.91,NA,NA,FALSE
5,2013-05-24,77.84,3.494,1717.87,55.00,365.88,517.77,1281.43,NA,NA,FALSE
5,2013-05-31,78.26,3.466,2062.59,48.00,144.73,NA,796.61,NA,NA,FALSE
5,2013-06-07,78.40,3.439,4459.39,34.03,46.17,2003.25,1993.02,NA,NA,FALSE
5,2013-06-14,80.76,3.431,623.45,25.93,111.81,596.15,951.43,NA,NA,FALSE
5,2013-06-21,83.85,3.479,1522.62,23.42,69.96,411.46,2674.62,NA,NA,FALSE
5,2013-06-28,86.09,3.495,1440.24,94.84,1.50,428.80,1431.38,NA,NA,FALSE
5,2013-07-05,82.06,3.422,2254.18,203.04,469.36,1970.46,616.95,NA,NA,FALSE
5,2013-07-12,85.75,3.4,1621.68,62.35,15.80,561.83,1684.25,NA,NA,FALSE
5,2013-07-19,79.73,3.556,744.92,64.71,13.25,188.40,2151.64,NA,NA,FALSE
5,2013-07-26,84.16,3.62,131.42,35.39,0.09,NA,948.51,NA,NA,FALSE
6,2010-02-05,40.43,2.572,NA,NA,NA,NA,NA,212.62,7.26,FALSE
6,2010-02-12,40.57,2.548,NA,NA,NA,NA,NA,212.77,7.26,TRUE
6,2010-02-19,43.58,2.514,NA,NA,NA,NA,NA,212.82,7.26,FALSE
6,2010-02-26,47.10,2.561,NA,NA,NA,NA,NA,212.85,7.26,FALSE
6,2010-03-05,49.63,2.625,NA,NA,NA,NA,NA,212.87,7.26,FALSE
6,2010-03-12,58.82,2.667,NA,NA,NA,NA,NA,212.90,7.26,FALSE
6,2010-03-19,56.55,2.72,NA,NA,NA,NA,NA,212.74,7.26,FALSE
6,2010-03-26,53.74,2.732,NA,NA,NA,NA,NA,212.53,7.26,FALSE
6,2010-04-02,64.94,2.719,NA,NA,NA,NA,NA,212.33,7.09,FALSE
6,2010-04-09,66.15,2.77,NA,NA,NA,NA,NA,212.13,7.09,FALSE
6,2010-04-16,65.68,2.808,NA,NA,NA,NA,NA,211.99,7.09,FALSE
6,2010-04-23,64.11,2.795,NA,NA,NA,NA,NA,211.94,7.09,FALSE
6,2010-04-30,68.91,2.78,NA,NA,NA,NA,NA,211.89,7.09,FALSE
6,2010-05-07,73.68,2.835,NA,NA,NA,NA,NA,211.84,7.09,FALSE
6,2010-05-14,74.95,2.854,NA,NA,NA,NA,NA,211.84,7.09,FALSE
6,2010-05-21,74.80,2.826,NA,NA,NA,NA,NA,212.13,7.09,FALSE
6,2010-05-28,78.89,2.759,NA,NA,NA,NA,NA,212.41,7.09,FALSE
6,2010-06-04,79.44,2.705,NA,NA,NA,NA,NA,212.70,7.09,FALSE
6,2010-06-11,81.81,2.668,NA,NA,NA,NA,NA,212.98,7.09,FALSE
6,2010-06-18,83.89,2.637,NA,NA,NA,NA,NA,212.98,7.09,FALSE
6,2010-06-25,84.20,2.653,NA,NA,NA,NA,NA,212.86,7.09,FALSE
6,2010-07-02,80.34,2.669,NA,NA,NA,NA,NA,212.75,6.97,FALSE
6,2010-07-09,80.93,2.642,NA,NA,NA,NA,NA,212.63,6.97,FALSE
6,2010-07-16,83.75,2.623,NA,NA,NA,NA,NA,212.62,6.97,FALSE
6,2010-07-23,83.90,2.608,NA,NA,NA,NA,NA,212.76,6.97,FALSE
6,2010-07-30,81.37,2.64,NA,NA,NA,NA,NA,212.89,6.97,FALSE
6,2010-08-06,86.61,2.627,NA,NA,NA,NA,NA,213.03,6.97,FALSE
6,2010-08-13,86.83,2.692,NA,NA,NA,NA,NA,213.17,6.97,FALSE
6,2010-08-20,87.36,2.664,NA,NA,NA,NA,NA,213.13,6.97,FALSE
6,2010-08-27,85.71,2.619,NA,NA,NA,NA,NA,213.09,6.97,FALSE
6,2010-09-03,82.15,2.577,NA,NA,NA,NA,NA,213.05,6.97,FALSE
6,2010-09-10,78.78,2.565,NA,NA,NA,NA,NA,213.01,6.97,TRUE
6,2010-09-17,81.78,2.582,NA,NA,NA,NA,NA,213.04,6.97,FALSE
6,2010-09-24,76.49,2.624,NA,NA,NA,NA,NA,213.12,6.97,FALSE
6,2010-10-01,70.69,2.603,NA,NA,NA,NA,NA,213.19,7.01,FALSE
6,2010-10-08,65.21,2.633,NA,NA,NA,NA,NA,213.27,7.01,FALSE
6,2010-10-15,68.93,2.72,NA,NA,NA,NA,NA,213.33,7.01,FALSE
6,2010-10-22,70.97,2.725,NA,NA,NA,NA,NA,213.38,7.01,FALSE
6,2010-10-29,70.39,2.716,NA,NA,NA,NA,NA,213.43,7.01,FALSE
6,2010-11-05,59.90,2.689,NA,NA,NA,NA,NA,213.48,7.01,FALSE
6,2010-11-12,62.11,2.728,NA,NA,NA,NA,NA,213.53,7.01,FALSE
6,2010-11-19,52.99,2.771,NA,NA,NA,NA,NA,213.41,7.01,FALSE
6,2010-11-26,65.79,2.735,NA,NA,NA,NA,NA,213.27,7.01,TRUE
6,2010-12-03,52.30,2.708,NA,NA,NA,NA,NA,213.12,7.01,FALSE
6,2010-12-10,48.46,2.843,NA,NA,NA,NA,NA,212.98,7.01,FALSE
6,2010-12-17,52.24,2.869,NA,NA,NA,NA,NA,212.92,7.01,FALSE
6,2010-12-24,55.07,2.886,NA,NA,NA,NA,NA,212.92,7.01,FALSE
6,2010-12-31,49.14,2.943,NA,NA,NA,NA,NA,212.91,7.01,TRUE
6,2011-01-07,47.78,2.976,NA,NA,NA,NA,NA,212.91,6.86,FALSE
6,2011-01-14,38.37,2.983,NA,NA,NA,NA,NA,212.97,6.86,FALSE
6,2011-01-21,46.20,3.016,NA,NA,NA,NA,NA,213.34,6.86,FALSE
6,2011-01-28,44.98,3.01,NA,NA,NA,NA,NA,213.71,6.86,FALSE
6,2011-02-04,40.59,2.989,NA,NA,NA,NA,NA,214.09,6.86,FALSE
6,2011-02-11,39.38,3.022,NA,NA,NA,NA,NA,214.46,6.86,TRUE
6,2011-02-18,59.61,3.045,NA,NA,NA,NA,NA,214.78,6.86,FALSE
6,2011-02-25,62.86,3.065,NA,NA,NA,NA,NA,215.07,6.86,FALSE
6,2011-03-04,60.45,3.288,NA,NA,NA,NA,NA,215.36,6.86,FALSE
6,2011-03-11,57.71,3.459,NA,NA,NA,NA,NA,215.65,6.86,FALSE
6,2011-03-18,65.07,3.488,NA,NA,NA,NA,NA,215.90,6.86,FALSE
6,2011-03-25,70.83,3.473,NA,NA,NA,NA,NA,216.14,6.86,FALSE
6,2011-04-01,62.25,3.524,NA,NA,NA,NA,NA,216.38,6.86,FALSE
6,2011-04-08,70.35,3.622,NA,NA,NA,NA,NA,216.62,6.86,FALSE
6,2011-04-15,73.17,3.743,NA,NA,NA,NA,NA,216.84,6.86,FALSE
6,2011-04-22,74.24,3.807,NA,NA,NA,NA,NA,217.01,6.86,FALSE
6,2011-04-29,75.27,3.81,NA,NA,NA,NA,NA,217.18,6.86,FALSE
6,2011-05-06,65.42,3.906,NA,NA,NA,NA,NA,217.35,6.86,FALSE
6,2011-05-13,76.95,3.899,NA,NA,NA,NA,NA,217.52,6.86,FALSE
6,2011-05-20,72.01,3.907,NA,NA,NA,NA,NA,217.29,6.86,FALSE
6,2011-05-27,80.83,3.786,NA,NA,NA,NA,NA,217.05,6.86,FALSE
6,2011-06-03,84.01,3.699,NA,NA,NA,NA,NA,216.82,6.86,FALSE
6,2011-06-10,84.49,3.648,NA,NA,NA,NA,NA,216.58,6.86,FALSE
6,2011-06-17,87.08,3.637,NA,NA,NA,NA,NA,216.54,6.86,FALSE
6,2011-06-24,85.51,3.594,NA,NA,NA,NA,NA,216.63,6.86,FALSE
6,2011-07-01,87.00,3.524,NA,NA,NA,NA,NA,216.73,6.93,FALSE
6,2011-07-08,88.36,3.48,NA,NA,NA,NA,NA,216.82,6.93,FALSE
6,2011-07-15,88.93,3.575,NA,NA,NA,NA,NA,216.90,6.93,FALSE
6,2011-07-22,88.06,3.651,NA,NA,NA,NA,NA,216.96,6.93,FALSE
6,2011-07-29,90.22,3.682,NA,NA,NA,NA,NA,217.02,6.93,FALSE
6,2011-08-05,91.46,3.684,NA,NA,NA,NA,NA,217.08,6.93,FALSE
6,2011-08-12,90.49,3.638,NA,NA,NA,NA,NA,217.14,6.93,FALSE
6,2011-08-19,89.26,3.554,NA,NA,NA,NA,NA,217.21,6.93,FALSE
6,2011-08-26,90.07,3.523,NA,NA,NA,NA,NA,217.27,6.93,FALSE
6,2011-09-02,91.22,3.533,NA,NA,NA,NA,NA,217.33,6.93,FALSE
6,2011-09-09,80.21,3.546,NA,NA,NA,NA,NA,217.40,6.93,TRUE
6,2011-09-16,84.94,3.526,NA,NA,NA,NA,NA,217.58,6.93,FALSE
6,2011-09-23,78.49,3.467,NA,NA,NA,NA,NA,217.92,6.93,FALSE
6,2011-09-30,82.51,3.355,NA,NA,NA,NA,NA,218.26,6.93,FALSE
6,2011-10-07,74.10,3.285,NA,NA,NA,NA,NA,218.60,6.55,FALSE
6,2011-10-14,71.24,3.274,NA,NA,NA,NA,NA,218.91,6.55,FALSE
6,2011-10-21,68.53,3.353,NA,NA,NA,NA,NA,219.07,6.55,FALSE
6,2011-10-28,69.51,3.372,NA,NA,NA,NA,NA,219.24,6.55,FALSE
6,2011-11-04,58.54,3.332,NA,NA,NA,NA,NA,219.40,6.55,FALSE
6,2011-11-11,61.33,3.297,12590.41,2173.66,123.20,3108.55,5416.96,219.56,6.55,FALSE
6,2011-11-18,63.89,3.308,4649.80,304.36,205.38,687.88,7949.26,219.79,6.55,FALSE
6,2011-11-25,62.78,3.236,429.03,171.88,83192.81,15.00,986.23,220.04,6.55,TRUE
6,2011-12-02,51.18,3.172,6264.18,74.94,2885.14,3904.82,27272.53,220.29,6.55,FALSE
6,2011-12-09,43.64,3.158,5473.33,42.00,282.45,4436.51,11311.24,220.55,6.55,FALSE
6,2011-12-16,53.27,3.159,7070.01,27.00,603.98,508.56,4788.85,220.77,6.55,FALSE
6,2011-12-23,49.45,3.112,2143.54,55.54,1417.20,23.41,5336.50,220.95,6.55,FALSE
6,2011-12-30,46.80,3.129,6098.54,82881.16,326.68,814.58,2728.99,221.13,6.55,TRUE
6,2012-01-06,50.82,3.157,3220.17,32056.43,108.24,985.76,6650.63,221.31,6.13,FALSE
6,2012-01-13,48.33,3.261,4779.48,11967.81,65.72,575.13,4512.18,221.49,6.13,FALSE
6,2012-01-20,55.37,3.268,3413.91,1540.99,33.02,449.06,6587.63,221.58,6.13,FALSE
6,2012-01-27,53.95,3.29,1510.59,630.92,37.10,17.00,2641.90,221.68,6.13,FALSE
6,2012-02-03,57.45,3.36,36848.38,1772.68,161.55,28199.34,7151.33,221.77,6.13,FALSE
6,2012-02-10,48.58,3.409,12635.19,5694.76,68.45,8976.17,6779.43,221.86,6.13,TRUE
6,2012-02-17,49.03,3.51,13182.32,15299.89,12.82,6129.29,7603.05,222.03,6.13,FALSE
6,2012-02-24,59.17,3.555,9198.08,8878.31,10.60,642.13,5539.68,222.24,6.13,FALSE
6,2012-03-02,60.32,3.63,20243.99,618.72,14.35,9687.40,4968.92,222.45,6.13,FALSE
6,2012-03-09,57.89,3.669,7731.19,445.60,4.19,446.42,5729.67,222.67,6.13,FALSE
6,2012-03-16,62.80,3.734,7034.05,103.68,4.59,2231.64,2062.04,222.82,6.13,FALSE
6,2012-03-23,63.71,3.787,4928.84,57.72,10.95,664.80,3968.26,222.89,6.13,FALSE
6,2012-03-30,67.91,3.845,12063.62,6.78,16.50,1859.67,3535.25,222.97,6.13,FALSE
6,2012-04-06,71.60,3.891,9199.63,NA,24.60,4044.88,4314.27,223.04,5.96,FALSE
6,2012-04-13,71.29,3.891,4634.18,6968.14,18.04,1544.21,2875.46,223.12,5.96,FALSE
6,2012-04-20,68.64,3.877,2326.27,2591.86,14.79,81.42,3663.48,223.17,5.96,FALSE
6,2012-04-27,71.50,3.814,2564.41,1.49,15.54,9.94,2556.36,223.23,5.96,FALSE
6,2012-05-04,77.66,3.749,13643.53,266.00,117.27,5455.98,2773.56,223.28,5.96,FALSE
6,2012-05-11,72.66,3.688,10658.74,NA,133.22,3312.90,9700.64,223.33,5.96,FALSE
6,2012-05-18,70.50,3.63,6414.56,NA,52.03,495.43,2991.72,223.35,5.96,FALSE
6,2012-05-25,78.47,3.561,7694.17,NA,945.23,1331.90,4852.27,223.35,5.96,FALSE
6,2012-06-01,80.39,3.501,8267.68,16.00,441.83,1904.81,3517.55,223.35,5.96,FALSE
6,2012-06-08,80.50,3.452,11150.20,188.60,63.70,859.54,6294.81,223.36,5.96,FALSE
6,2012-06-15,82.10,3.393,7041.68,276.35,350.16,3373.11,5325.58,223.37,5.96,FALSE
6,2012-06-22,81.20,3.346,7253.03,312.35,160.51,3024.57,6806.11,223.41,5.96,FALSE
6,2012-06-29,87.35,3.286,3997.40,231.90,NA,262.44,4182.90,223.45,5.96,FALSE
6,2012-07-06,82.95,3.227,6087.24,254.90,205.95,3655.34,5715.69,223.49,5.67,FALSE
6,2012-07-13,80.27,3.256,8413.69,113.45,39.42,5516.18,2724.98,223.53,5.67,FALSE
6,2012-07-20,81.57,3.311,3762.14,148.95,18.43,3197.56,7560.36,223.54,5.67,FALSE
6,2012-07-27,85.78,3.407,7017.60,203.26,8.11,17151.91,3340.02,223.55,5.67,FALSE
6,2012-08-03,87.55,3.417,31765.22,141.14,19.13,15925.51,6069.02,223.56,5.67,FALSE
6,2012-08-10,87.04,3.494,5750.20,187.04,5.21,3920.14,7505.63,223.57,5.67,FALSE
6,2012-08-17,87.53,3.571,5433.03,171.64,0.01,4968.35,4940.37,223.65,5.67,FALSE
6,2012-08-24,79.03,3.62,5492.77,103.36,50.00,5268.21,6277.08,223.79,5.67,FALSE
6,2012-08-31,83.58,3.638,21801.35,111.57,16.74,15675.98,4002.59,223.92,5.67,FALSE
6,2012-09-07,86.33,3.73,14105.12,47.96,24.60,3040.62,3558.18,224.06,5.67,TRUE
6,2012-09-14,76.41,3.717,11072.87,22.00,6.01,3871.46,9997.93,224.20,5.67,FALSE
6,2012-09-21,70.81,3.721,8735.97,3.82,6.15,855.06,9092.57,224.40,5.67,FALSE
6,2012-09-28,77.82,3.666,4181.54,7.64,1.65,1952.69,2447.92,224.60,5.67,FALSE
6,2012-10-05,70.84,3.617,9663.09,NA,40.93,3720.00,5941.24,224.80,5.33,FALSE
6,2012-10-12,65.43,3.601,1905.34,NA,13.83,559.50,8706.87,225.01,5.33,FALSE
6,2012-10-19,69.68,3.594,1476.45,NA,3.10,31.32,4080.57,225.05,5.33,FALSE
6,2012-10-26,72.34,3.506,6827.59,53.07,NA,319.25,1881.27,225.07,5.33,FALSE
6,2012-11-02,58.38,3.386,13494.41,15350.17,34.79,5549.32,6682.40,225.09,5.33,FALSE
6,2012-11-09,66.68,3.314,10750.41,1244.27,11.32,524.64,4196.85,225.11,5.33,FALSE
6,2012-11-16,56.16,3.252,7849.78,146.12,64.70,957.54,8467.19,225.14,5.33,FALSE
6,2012-11-23,60.28,3.211,849.70,NA,112255.67,212.36,1963.40,225.19,5.33,TRUE
6,2012-11-30,56.18,3.207,4463.06,NA,3737.14,94.88,9459.61,225.24,5.33,FALSE
6,2012-12-07,64.25,3.198,11880.41,NA,426.00,3127.97,15254.23,225.29,5.33,FALSE
6,2012-12-14,51.31,3.168,5687.40,NA,83.26,469.15,6390.63,225.35,5.33,FALSE
6,2012-12-21,58.51,3.098,5511.30,35.96,240.32,10.00,4165.90,225.47,5.33,FALSE
6,2012-12-28,46.57,3.108,12663.68,52304.87,424.04,46.98,1668.09,225.59,5.33,TRUE
6,2013-01-04,40.46,3.161,2958.80,59362.30,27.18,24.85,4190.08,225.71,5.37,FALSE
6,2013-01-11,48.26,3.243,5510.29,33063.57,-0.86,693.10,3418.77,225.83,5.37,FALSE
6,2013-01-18,44.94,3.237,3311.95,1697.99,5.34,3.00,2403.96,225.86,5.37,FALSE
6,2013-01-25,57.35,3.227,1541.93,751.92,0.60,40.61,1107.60,225.86,5.37,FALSE
6,2013-02-01,58.57,3.244,12770.23,1088.16,434.80,17254.24,4436.09,225.86,5.37,FALSE
6,2013-02-08,60.55,3.417,64733.80,1335.25,240.30,34049.73,6567.44,225.86,5.37,TRUE
6,2013-02-15,53.36,3.475,20422.71,6289.09,203.00,19117.99,7911.90,225.90,5.37,FALSE
6,2013-02-22,54.57,3.597,12528.67,5392.98,29.98,270.37,3771.58,226.04,5.37,FALSE
6,2013-03-01,50.08,3.711,5999.24,578.17,2.00,155.00,5362.39,226.19,5.37,FALSE
6,2013-03-08,55.31,3.658,45591.46,212.69,79.91,8383.35,3778.90,226.33,5.37,FALSE
6,2013-03-15,59.18,3.622,8035.95,NA,8.69,613.44,3328.21,226.46,5.37,FALSE
6,2013-03-22,65.87,3.611,11497.72,NA,649.00,2351.98,2772.72,226.55,5.37,FALSE
6,2013-03-29,54.23,3.606,6162.80,NA,736.47,32.03,3690.59,226.63,5.37,FALSE
6,2013-04-05,61.40,3.583,13894.83,8546.67,635.55,1436.84,3152.22,226.72,5.29,FALSE
6,2013-04-12,63.11,3.529,5772.74,180.35,97.82,1027.37,3742.94,226.80,5.29,FALSE
6,2013-04-19,68.65,3.451,2218.26,9.04,95.20,13.38,1664.93,226.80,5.29,FALSE
6,2013-04-26,60.91,3.417,2848.95,NA,112.60,179.66,2553.43,226.80,5.29,FALSE
6,2013-05-03,68.17,3.386,11882.48,22.88,36.92,4788.84,2648.71,NA,NA,FALSE
6,2013-05-10,66.60,3.392,4028.93,321.90,53.47,537.54,11882.48,NA,NA,FALSE
6,2013-05-17,72.28,3.454,7729.62,190.96,9.50,1285.36,4751.30,NA,NA,FALSE
6,2013-05-24,78.46,3.494,5842.49,194.86,368.14,1000.80,7037.72,NA,NA,FALSE
6,2013-05-31,77.49,3.466,5849.58,251.75,413.12,1.92,3945.71,NA,NA,FALSE
6,2013-06-07,79.63,3.439,15657.52,1059.99,410.85,6795.91,7037.09,NA,NA,FALSE
6,2013-06-14,80.91,3.431,4061.92,651.60,693.25,3838.56,2825.36,NA,NA,FALSE
6,2013-06-21,83.53,3.479,6264.97,669.13,357.59,5171.26,6955.91,NA,NA,FALSE
6,2013-06-28,86.14,3.495,5463.09,1071.94,210.10,4666.78,8341.22,NA,NA,FALSE
6,2013-07-05,82.98,3.422,14374.85,4054.24,1126.23,9827.95,2385.16,NA,NA,FALSE
6,2013-07-12,85.91,3.4,13456.91,1783.40,114.92,1133.32,6330.81,NA,NA,FALSE
6,2013-07-19,79.11,3.556,2124.10,693.74,270.30,671.53,3867.01,NA,NA,FALSE
6,2013-07-26,84.42,3.62,543.69,798.02,16.05,70.40,2648.37,NA,NA,FALSE
7,2010-02-05,10.53,2.58,NA,NA,NA,NA,NA,189.38,9.01,FALSE
7,2010-02-12,25.90,2.572,NA,NA,NA,NA,NA,189.46,9.01,TRUE
7,2010-02-19,27.28,2.55,NA,NA,NA,NA,NA,189.53,9.01,FALSE
7,2010-02-26,24.91,2.586,NA,NA,NA,NA,NA,189.60,9.01,FALSE
7,2010-03-05,35.86,2.62,NA,NA,NA,NA,NA,189.67,9.01,FALSE
7,2010-03-12,27.25,2.684,NA,NA,NA,NA,NA,189.74,9.01,FALSE
7,2010-03-19,29.04,2.692,NA,NA,NA,NA,NA,189.73,9.01,FALSE
7,2010-03-26,23.33,2.717,NA,NA,NA,NA,NA,189.72,9.01,FALSE
7,2010-04-02,38.26,2.725,NA,NA,NA,NA,NA,189.70,8.96,FALSE
7,2010-04-09,33.79,2.75,NA,NA,NA,NA,NA,189.69,8.96,FALSE
7,2010-04-16,41.89,2.765,NA,NA,NA,NA,NA,189.66,8.96,FALSE
7,2010-04-23,43.07,2.776,NA,NA,NA,NA,NA,189.62,8.96,FALSE
7,2010-04-30,38.99,2.766,NA,NA,NA,NA,NA,189.58,8.96,FALSE
7,2010-05-07,40.07,2.771,NA,NA,NA,NA,NA,189.53,8.96,FALSE
7,2010-05-14,41.41,2.788,NA,NA,NA,NA,NA,189.49,8.96,FALSE
7,2010-05-21,46.60,2.776,NA,NA,NA,NA,NA,189.47,8.96,FALSE
7,2010-05-28,54.24,2.737,NA,NA,NA,NA,NA,189.45,8.96,FALSE
7,2010-06-04,53.63,2.7,NA,NA,NA,NA,NA,189.42,8.96,FALSE
7,2010-06-11,63.59,2.684,NA,NA,NA,NA,NA,189.40,8.96,FALSE
7,2010-06-18,52.70,2.674,NA,NA,NA,NA,NA,189.42,8.96,FALSE
7,2010-06-25,59.94,2.715,NA,NA,NA,NA,NA,189.45,8.96,FALSE
7,2010-07-02,61.31,2.728,NA,NA,NA,NA,NA,189.49,9.02,FALSE
7,2010-07-09,58.00,2.711,NA,NA,NA,NA,NA,189.52,9.02,FALSE
7,2010-07-16,62.19,2.699,NA,NA,NA,NA,NA,189.61,9.02,FALSE
7,2010-07-23,64.64,2.691,NA,NA,NA,NA,NA,189.77,9.02,FALSE
7,2010-07-30,66.07,2.69,NA,NA,NA,NA,NA,189.94,9.02,FALSE
7,2010-08-06,61.70,2.69,NA,NA,NA,NA,NA,190.10,9.02,FALSE
7,2010-08-13,60.13,2.723,NA,NA,NA,NA,NA,190.26,9.02,FALSE
7,2010-08-20,59.59,2.732,NA,NA,NA,NA,NA,190.29,9.02,FALSE
7,2010-08-27,57.57,2.731,NA,NA,NA,NA,NA,190.33,9.02,FALSE
7,2010-09-03,49.84,2.773,NA,NA,NA,NA,NA,190.36,9.02,FALSE
7,2010-09-10,48.50,2.78,NA,NA,NA,NA,NA,190.40,9.02,TRUE
7,2010-09-17,48.56,2.8,NA,NA,NA,NA,NA,190.47,9.02,FALSE
7,2010-09-24,47.55,2.793,NA,NA,NA,NA,NA,190.57,9.02,FALSE
7,2010-10-01,49.99,2.759,NA,NA,NA,NA,NA,190.67,9.14,FALSE
7,2010-10-08,44.13,2.745,NA,NA,NA,NA,NA,190.78,9.14,FALSE
7,2010-10-15,35.86,2.762,NA,NA,NA,NA,NA,190.86,9.14,FALSE
7,2010-10-22,36.84,2.762,NA,NA,NA,NA,NA,190.91,9.14,FALSE
7,2010-10-29,34.78,2.748,NA,NA,NA,NA,NA,190.95,9.14,FALSE
7,2010-11-05,49.44,2.729,NA,NA,NA,NA,NA,191.00,9.14,FALSE
7,2010-11-12,22.12,2.737,NA,NA,NA,NA,NA,191.04,9.14,FALSE
7,2010-11-19,25.56,2.758,NA,NA,NA,NA,NA,191.03,9.14,FALSE
7,2010-11-26,17.95,2.742,NA,NA,NA,NA,NA,191.01,9.14,TRUE
7,2010-12-03,21.88,2.712,NA,NA,NA,NA,NA,190.99,9.14,FALSE
7,2010-12-10,24.24,2.728,NA,NA,NA,NA,NA,190.97,9.14,FALSE
7,2010-12-17,20.74,2.778,NA,NA,NA,NA,NA,191.03,9.14,FALSE
7,2010-12-24,26.04,2.781,NA,NA,NA,NA,NA,191.14,9.14,FALSE
7,2010-12-31,13.76,2.829,NA,NA,NA,NA,NA,191.26,9.14,TRUE
7,2011-01-07,10.09,2.882,NA,NA,NA,NA,NA,191.37,8.82,FALSE
7,2011-01-14,11.32,2.911,NA,NA,NA,NA,NA,191.48,8.82,FALSE
7,2011-01-21,25.40,2.973,NA,NA,NA,NA,NA,191.57,8.82,FALSE
7,2011-01-28,10.11,3.008,NA,NA,NA,NA,NA,191.67,8.82,FALSE
7,2011-02-04,-2.06,3.011,NA,NA,NA,NA,NA,191.76,8.82,FALSE
7,2011-02-11,10.24,3.037,NA,NA,NA,NA,NA,191.86,8.82,TRUE
7,2011-02-18,17.30,3.051,NA,NA,NA,NA,NA,191.92,8.82,FALSE
7,2011-02-25,17.46,3.101,NA,NA,NA,NA,NA,191.96,8.82,FALSE
7,2011-03-04,21.84,3.232,NA,NA,NA,NA,NA,192.01,8.82,FALSE
7,2011-03-11,20.70,3.372,NA,NA,NA,NA,NA,192.06,8.82,FALSE
7,2011-03-18,27.69,3.406,NA,NA,NA,NA,NA,192.12,8.82,FALSE
7,2011-03-25,25.69,3.414,NA,NA,NA,NA,NA,192.20,8.82,FALSE
7,2011-04-01,24.83,3.461,NA,NA,NA,NA,NA,192.27,8.60,FALSE
7,2011-04-08,30.64,3.532,NA,NA,NA,NA,NA,192.34,8.60,FALSE
7,2011-04-15,27.79,3.611,NA,NA,NA,NA,NA,192.42,8.60,FALSE
7,2011-04-22,31.84,3.636,NA,NA,NA,NA,NA,192.52,8.60,FALSE
7,2011-04-29,26.79,3.663,NA,NA,NA,NA,NA,192.62,8.60,FALSE
7,2011-05-06,26.54,3.735,NA,NA,NA,NA,NA,192.73,8.60,FALSE
7,2011-05-13,36.61,3.767,NA,NA,NA,NA,NA,192.83,8.60,FALSE
7,2011-05-20,36.16,3.828,NA,NA,NA,NA,NA,192.83,8.60,FALSE
7,2011-05-27,37.51,3.795,NA,NA,NA,NA,NA,192.84,8.60,FALSE
7,2011-06-03,45.77,3.763,NA,NA,NA,NA,NA,192.84,8.60,FALSE
7,2011-06-10,53.30,3.735,NA,NA,NA,NA,NA,192.85,8.60,FALSE
7,2011-06-17,48.79,3.697,NA,NA,NA,NA,NA,192.90,8.60,FALSE
7,2011-06-24,46.85,3.661,NA,NA,NA,NA,NA,193.00,8.60,FALSE
7,2011-07-01,58.54,3.597,NA,NA,NA,NA,NA,193.09,8.62,FALSE
7,2011-07-08,59.08,3.54,NA,NA,NA,NA,NA,193.19,8.62,FALSE
7,2011-07-15,54.37,3.532,NA,NA,NA,NA,NA,193.31,8.62,FALSE
7,2011-07-22,56.22,3.545,NA,NA,NA,NA,NA,193.51,8.62,FALSE
7,2011-07-29,56.66,3.547,NA,NA,NA,NA,NA,193.71,8.62,FALSE
7,2011-08-05,55.91,3.554,NA,NA,NA,NA,NA,193.91,8.62,FALSE
7,2011-08-12,54.56,3.542,NA,NA,NA,NA,NA,194.11,8.62,FALSE
7,2011-08-19,56.06,3.499,NA,NA,NA,NA,NA,194.25,8.62,FALSE
7,2011-08-26,57.60,3.485,NA,NA,NA,NA,NA,194.38,8.62,FALSE
7,2011-09-02,53.40,3.511,NA,NA,NA,NA,NA,194.51,8.62,FALSE
7,2011-09-09,45.61,3.566,NA,NA,NA,NA,NA,194.64,8.62,TRUE
7,2011-09-16,43.67,3.596,NA,NA,NA,NA,NA,194.74,8.62,FALSE
7,2011-09-23,43.67,3.581,NA,NA,NA,NA,NA,194.81,8.62,FALSE
7,2011-09-30,47.34,3.538,NA,NA,NA,NA,NA,194.88,8.62,FALSE
7,2011-10-07,40.65,3.498,NA,NA,NA,NA,NA,194.95,8.51,FALSE
7,2011-10-14,32.65,3.491,NA,NA,NA,NA,NA,195.03,8.51,FALSE
7,2011-10-21,37.49,3.548,NA,NA,NA,NA,NA,195.18,8.51,FALSE
7,2011-10-28,28.82,3.55,NA,NA,NA,NA,NA,195.33,8.51,FALSE
7,2011-11-04,23.41,3.527,NA,NA,NA,NA,NA,195.48,8.51,FALSE
7,2011-11-11,19.53,3.505,3307.60,1431.65,143.06,1330.31,1680.90,195.64,8.51,FALSE
7,2011-11-18,29.53,3.479,3221.47,1229.96,7.35,494.15,3947.57,195.72,8.51,FALSE
7,2011-11-25,27.60,3.424,35.94,6.47,41487.59,12.00,905.95,195.77,8.51,TRUE
7,2011-12-02,20.38,3.378,2229.32,6.47,738.42,1630.88,11534.89,195.82,8.51,FALSE
7,2011-12-09,11.17,3.331,3393.21,NA,94.93,589.44,3067.90,195.87,8.51,FALSE
7,2011-12-16,15.20,3.266,2089.28,0.09,168.73,439.97,1899.74,195.98,8.51,FALSE
7,2011-12-23,12.19,3.173,519.82,0.15,483.10,41.51,1313.38,196.17,8.51,FALSE
7,2011-12-30,15.56,3.119,2026.82,17021.30,113.19,144.93,1178.13,196.36,8.51,TRUE
7,2012-01-06,18.67,3.095,2373.44,11519.36,7.26,162.72,4504.47,196.55,8.26,FALSE
7,2012-01-13,7.46,3.077,3167.26,5926.48,0.54,191.84,1415.69,196.73,8.26,FALSE
7,2012-01-20,27.41,3.055,1967.73,2791.50,0.73,213.86,4297.27,196.78,8.26,FALSE
7,2012-01-27,26.90,3.038,747.21,559.46,NA,47.00,2332.92,196.83,8.26,FALSE
7,2012-02-03,22.20,3.031,56917.70,1839.82,4.53,16241.73,2414.97,196.87,8.26,FALSE
7,2012-02-10,18.79,3.103,13100.37,3096.60,1.73,4854.70,6266.04,196.92,8.26,TRUE
7,2012-02-17,27.03,3.113,5453.54,4918.31,1.88,1838.98,5303.89,196.94,8.26,FALSE
7,2012-02-24,24.41,3.129,10170.57,4331.71,93.06,2699.15,3456.70,196.95,8.26,FALSE
7,2012-03-02,21.64,3.191,41848.34,2326.08,139.20,15505.00,1348.86,196.96,8.26,FALSE
7,2012-03-09,30.10,3.286,12144.90,1178.96,2.18,996.02,2221.16,196.96,8.26,FALSE
7,2012-03-16,37.29,3.486,2980.91,3.28,2.55,3440.61,1127.01,197.05,8.26,FALSE
7,2012-03-23,35.06,3.664,8458.87,NA,3.84,293.35,1493.28,197.23,8.26,FALSE
7,2012-03-30,44.99,3.75,8460.02,2.40,9.25,385.22,1666.60,197.41,8.26,FALSE
7,2012-04-06,44.29,3.854,7550.89,NA,21.98,1156.20,3500.91,197.60,8.09,FALSE
7,2012-04-13,41.43,3.901,1662.20,1555.57,15.47,776.66,1377.63,197.78,8.09,FALSE
7,2012-04-20,39.30,3.936,2114.64,863.38,14.21,549.62,1509.05,197.72,8.09,FALSE
7,2012-04-27,51.49,3.927,819.48,NA,45.94,49.82,1209.89,197.66,8.09,FALSE
7,2012-05-04,45.38,3.903,6018.32,NA,69.97,1590.01,1521.53,197.61,8.09,FALSE
7,2012-05-11,48.54,3.87,24426.80,NA,4.80,402.53,2012.64,197.55,8.09,FALSE
7,2012-05-18,49.41,3.837,3225.22,NA,24.83,508.10,1897.92,197.56,8.09,FALSE
7,2012-05-25,50.60,3.804,5126.54,NA,90.05,483.27,2236.31,197.59,8.09,FALSE
7,2012-06-01,55.06,3.764,2427.12,NA,98.67,1349.72,2112.74,197.62,8.09,FALSE
7,2012-06-08,63.07,3.741,3729.69,76.60,0.12,444.64,3495.06,197.66,8.09,FALSE
7,2012-06-15,59.33,3.723,16717.38,119.40,0.65,677.29,1144.07,197.69,8.09,FALSE
7,2012-06-22,63.69,3.735,12407.71,352.10,0.09,1239.04,1533.86,197.74,8.09,FALSE
7,2012-06-29,68.84,3.693,1246.74,425.60,NA,42.00,1200.17,197.79,8.09,FALSE
7,2012-07-06,64.67,3.646,2779.97,326.20,5.07,2112.68,1548.33,197.83,7.87,FALSE
7,2012-07-13,64.21,3.613,1562.86,85.70,0.35,424.66,57029.78,197.88,7.87,FALSE
7,2012-07-20,62.87,3.585,1182.59,114.37,11.37,198.49,2423.07,197.93,7.87,FALSE
7,2012-07-27,64.60,3.57,1064.81,688.66,3.45,1264.45,2007.50,197.98,7.87,FALSE
7,2012-08-03,61.83,3.528,9468.47,109.88,2.88,8606.99,1605.62,198.03,7.87,FALSE
7,2012-08-10,63.41,3.509,4032.28,26.20,55.79,2124.61,960.59,198.08,7.87,FALSE
7,2012-08-17,59.66,3.545,1266.82,34.60,46.86,1649.91,1421.44,198.10,7.87,FALSE
7,2012-08-24,59.27,3.558,2534.52,19.60,1.86,1627.26,3915.85,198.10,7.87,FALSE
7,2012-08-31,60.46,3.556,6246.07,9.00,16.35,2482.01,1225.36,198.10,7.87,FALSE
7,2012-09-07,57.84,3.596,5069.74,NA,10.15,817.15,2158.82,198.10,7.87,TRUE
7,2012-09-14,53.66,3.659,3180.52,NA,5.03,709.04,5384.10,198.13,7.87,FALSE
7,2012-09-21,51.77,3.765,4113.14,12.00,3.00,344.20,4693.52,198.36,7.87,FALSE
7,2012-09-28,50.64,3.789,3735.20,6.91,4.50,917.20,1793.35,198.59,7.87,FALSE
7,2012-10-05,48.43,3.779,2955.56,NA,9.90,2240.78,1324.84,198.82,7.56,FALSE
7,2012-10-12,41.43,3.76,302.62,NA,3.72,375.75,514.23,199.05,7.56,FALSE
7,2012-10-19,43.01,3.75,2034.63,NA,0.50,298.55,4163.41,199.15,7.56,FALSE
7,2012-10-26,42.53,3.686,2818.42,24.03,2.97,343.26,1064.56,199.22,7.56,FALSE
7,2012-11-02,37.20,3.604,3335.15,1937.31,5.02,282.71,1127.18,199.29,7.56,FALSE
7,2012-11-09,36.89,3.545,1797.81,3661.28,10.00,501.33,3222.63,199.36,7.56,FALSE
7,2012-11-16,23.91,3.479,4971.72,723.12,7.28,845.51,1710.22,199.43,7.56,FALSE
7,2012-11-23,34.81,3.45,295.50,NA,44081.25,78.08,623.37,199.50,7.56,TRUE
7,2012-11-30,28.10,3.436,3839.63,NA,14836.66,88.68,6046.28,199.56,7.56,FALSE
7,2012-12-07,34.19,3.373,4599.98,NA,116.00,368.57,4274.79,199.63,7.56,FALSE
7,2012-12-14,20.93,3.303,1463.18,NA,26.00,3.97,1049.36,199.72,7.56,FALSE
7,2012-12-21,12.57,3.218,1066.13,NA,29.64,40.60,475.96,199.94,7.56,FALSE
7,2012-12-28,2.32,3.108,7153.00,7398.79,106.33,24.43,1286.48,200.17,7.56,TRUE
7,2013-01-04,-6.08,3.034,1390.63,11904.04,37.82,65.08,1446.44,200.39,7.11,FALSE
7,2013-01-11,-6.61,2.957,2117.01,8298.08,8.61,15.26,745.42,200.62,7.11,FALSE
7,2013-01-18,-7.29,2.889,6630.25,3626.32,1.96,1174.23,1513.31,200.74,7.11,FALSE
7,2013-01-25,4.00,2.872,717.12,1046.55,0.60,20.88,826.28,200.82,7.11,FALSE
7,2013-02-01,25.67,2.998,4389.12,316.88,113.68,4128.61,1238.01,200.89,7.11,FALSE
7,2013-02-08,11.26,3.214,30907.52,185.19,392.36,16519.53,2304.12,200.97,7.11,TRUE
7,2013-02-15,13.73,3.391,8906.51,490.37,0.24,959.51,3846.26,201.04,7.11,FALSE
7,2013-02-22,13.39,3.563,7919.43,642.57,46.54,3475.28,1450.55,201.10,7.11,FALSE
7,2013-03-01,11.94,3.638,3789.54,99.08,0.40,33.38,959.83,201.15,7.11,FALSE
7,2013-03-08,24.24,3.624,9370.38,85.98,107.66,2891.20,1385.72,201.21,7.11,FALSE
7,2013-03-15,30.09,3.607,2521.46,NA,219.71,879.39,1203.71,201.24,7.11,FALSE
7,2013-03-22,30.94,3.609,4514.13,NA,677.30,133.33,983.16,201.20,7.11,FALSE
7,2013-03-29,26.56,3.605,7886.02,NA,420.10,69.41,2403.73,201.16,7.11,FALSE
7,2013-04-05,39.30,3.633,6121.49,979.92,152.85,161.59,986.23,201.11,6.95,FALSE
7,2013-04-12,34.79,3.642,1731.11,28.55,25.47,89.14,1032.44,201.07,6.95,FALSE
7,2013-04-19,29.70,3.603,1726.61,0.03,28.68,188.07,1130.11,201.07,6.95,FALSE
7,2013-04-26,35.70,3.568,738.97,NA,54.04,21.20,471.40,201.07,6.95,FALSE
7,2013-05-03,42.36,3.573,4661.74,NA,25.74,1145.37,917.91,NA,NA,FALSE
7,2013-05-10,44.11,3.609,4441.63,85.76,18.25,153.84,3820.86,NA,NA,FALSE
7,2013-05-17,53.23,3.703,3048.39,2.00,6.64,405.44,1236.57,NA,NA,FALSE
7,2013-05-24,50.09,3.884,1557.79,4.00,177.08,596.22,1440.80,NA,NA,FALSE
7,2013-05-31,50.70,3.87,2350.78,-7.76,91.59,166.86,540.89,NA,NA,FALSE
7,2013-06-07,50.92,3.825,4849.33,148.68,75.64,2043.97,2240.29,NA,NA,FALSE
7,2013-06-14,54.81,3.797,2143.04,196.29,157.00,605.85,1250.24,NA,NA,FALSE
7,2013-06-21,52.16,3.736,1434.01,116.52,92.13,471.28,2812.28,NA,NA,FALSE
7,2013-06-28,55.28,3.691,2817.60,750.96,NA,272.82,1057.35,NA,NA,FALSE
7,2013-07-05,53.86,3.637,3764.78,977.99,163.96,2038.56,1154.49,NA,NA,FALSE
7,2013-07-12,59.99,3.583,918.12,732.41,55.68,470.11,1397.18,NA,NA,FALSE
7,2013-07-19,55.22,3.585,460.90,250.72,13.75,310.91,778.74,NA,NA,FALSE
7,2013-07-26,56.69,3.582,180.87,54.56,NA,36.65,877.99,NA,NA,FALSE
